"#Training set of dsQTL model composed of 565 dsQTLs and 2,128 control SNPs located within hotspot DHS region of B cell.",,,
#chrom,pos,snpInfo,dsQTL_tag(1/-1)
chr1,842250,rs148658266-A-G,-1
chr1,856583,rs141671872-G-A,1
chr1,911595,rs7417106-A-G,1
chr1,1186502,rs6603785-A-T,1
chr1,1227412,rs112571439-G-A,1
chr1,1307638,rs2649597-T-C,-1
chr1,1368870,rs145934101-C-A,-1
chr1,1590575,rs9661285-G-A,1
chr1,1655821,rs74045998-T-G,-1
chr1,3369847,rs55665824-A-G,1
chr1,3704041,rs7527973-C-T,-1
chr1,3706969,rs35608411-C-A,-1
chr1,6054266,rs6662514-C-A,-1
chr1,6272813,rs2294711-C-T,-1
chr1,6367986,rs57594868-A-G,-1
chr1,6639965,rs78234338-C-A,-1
chr1,6684906,rs2076363-C-G,-1
chr1,8931764,rs28931276-G-A,-1
chr1,9299947,rs2268176-T-G,-1
chr1,9555570,rs76087959-T-C,-1
chr1,11333542,rs72856992-T-G,-1
chr1,11809402,rs11121820-T-G,1
chr1,12042261,rs2236055-A-G,1
chr1,12210686,rs1148462-A-G,-1
chr1,12244168,rs17885609-A-G,-1
chr1,12291130,rs72864945-T-C,-1
chr1,12496021,rs6541023-T-C,-1
chr1,15711053,rs9919124-T-A,1
chr1,16472993,rs12409704-C-T,-1
chr1,16647785,rs6685060-A-G,-1
chr1,16841328,rs74057431-A-G,-1
chr1,17402116,rs3818035-G-T,-1
chr1,17600822,rs11203346-A-G,-1
chr1,17998426,rs12565243-C-G,-1
chr1,18902257,rs2816057-G-C,1
chr1,19397741,rs74056743-A-C,1
chr1,19578099,rs113107098-C-G,-1
chr1,19582563,rs1557133-G-A,-1
chr1,19988477,rs75424346-G-A,-1
chr1,21502008,rs74058840-A-G,-1
chr1,22504170,rs72865252-A-G,-1
chr1,24104910,rs56743324-T-C,-1
chr1,25876340,rs79931859-G-A,1
chr1,25943145,rs186092432-C-T,-1
chr1,26343112,rs2997457-T-C,-1
chr1,26607005,rs34824071-C-A,-1
chr1,26705036,rs59448769-G-A,-1
chr1,27561983,rs72880883-G-A,-1
chr1,27659500,rs4970519-A-G,-1
chr1,27669599,rs72882720-C-T,-1
chr1,27952748,rs79478829-A-G,-1
chr1,28776637,rs61783859-A-G,-1
chr1,28975247,rs78813870-C-T,-1
chr1,29497820,rs1994859-C-T,1
chr1,31255905,rs4147103-T-C,1
chr1,31628297,rs115197421-C-T,-1
chr1,32059773,rs12079905-C-G,1
chr1,32715821,rs10914540-G-A,-1
chr1,32936807,rs34958581-C-T,1
chr1,35544982,rs13375885-G-T,-1
chr1,37789411,rs7522706-C-T,-1
chr1,38367404,rs28469609-C-T,-1
chr1,39458110,rs7553434-A-G,-1
chr1,39492462,rs3768324-C-T,1
chr1,39558211,rs12118033-G-A,1
chr1,40041714,rs11557732-G-A,-1
chr1,40254915,rs6667042-C-G,-1
chr1,40916218,rs209607-T-C,-1
chr1,41981844,rs3122128-C-T,1
chr1,42896540,rs74068431-A-G,-1
chr1,42928890,rs2783374-C-T,-1
chr1,43232807,rs3738504-C-G,-1
chr1,43415288,rs2297977-G-T,-1
chr1,43638436,rs6695238-G-T,-1
chr1,43664957,rs58684521-G-A,-1
chr1,44457215,rs12403025-G-A,-1
chr1,45097584,rs114477934-C-T,-1
chr1,45957039,rs937291-G-T,-1
chr1,46598273,rs1707303-A-C,-1
chr1,46806393,rs41293273-T-C,-1
chr1,47854527,rs6703935-G-T,-1
chr1,48463544,rs6679038-T-C,-1
chr1,51700909,rs58588211-C-G,-1
chr1,53387379,rs7552139-G-C,-1
chr1,54755742,rs56265163-A-G,1
chr1,55529828,rs662145-C-T,1
chr1,55723817,rs10888907-G-A,1
chr1,55743330,rs1874775-A-G,-1
chr1,57030856,rs11799599-T-A,-1
chr1,58621708,rs593257-C-A,1
chr1,59798866,rs114053776-C-G,-1
chr1,60183913,rs6701583-C-G,1
chr1,62596969,rs11207905-C-G,1
chr1,77999471,rs2647486-A-G,-1
chr1,84767240,rs72942038-G-A,-1
chr1,85462909,rs1837328-G-C,-1
chr1,85725426,rs71652692-G-T,-1
chr1,89551669,rs11589629-G-C,1
chr1,90158510,rs115903846-A-G,-1
chr1,90185361,rs17130861-G-C,-1
chr1,90437411,rs72716367-C-T,-1
chr1,92393041,rs61779089-T-C,-1
chr1,93064823,rs12563400-T-C,-1
chr1,93324634,rs4847378-G-T,-1
chr1,93544719,rs11586323-C-T,-1
chr1,95561706,rs11591183-T-C,-1
chr1,108668295,rs12564919-C-T,-1
chr1,108742892,rs554709-T-G,-1
chr1,109642847,rs655833-G-A,-1
chr1,110036919,rs76997102-C-G,-1
chr1,110546755,rs115632884-T-G,-1
chr1,110950277,rs6698159-G-A,-1
chr1,111740345,rs599134-C-G,1
chr1,111765722,rs12735522-G-A,-1
chr1,112130686,rs10494139-G-A,-1
chr1,113217851,rs150253658-C-A,-1
chr1,114576022,rs17032139-G-A,1
chr1,116711155,rs116248558-G-T,-1
chr1,119502888,rs2645287-G-C,-1
chr1,120217650,rs640195-T-A,1
chr1,120801453,rs143577336-T-C,-1
chr1,146714213,rs72997590-C-T,-1
chr1,147790824,rs571036-A-G,-1
chr1,150022689,rs74124298-C-T,-1
chr1,150121929,rs76413654-C-G,-1
chr1,150944862,rs74128609-G-A,-1
chr1,151299666,rs114207089-A-G,-1
chr1,152162568,rs4845733-T-C,-1
chr1,152413579,rs72698960-T-C,-1
chr1,153325130,rs10888558-T-C,-1
chr1,153463451,rs1409367-C-T,1
chr1,153600124,rs999418-T-C,1
chr1,154781591,rs12057448-G-A,1
chr1,154833059,rs76749863-T-C,-1
chr1,154839799,rs6656494-A-G,1
chr1,154955724,rs10908449-C-T,-1
chr1,155157635,rs4971101-G-A,-1
chr1,156806000,rs11264571-T-G,-1
chr1,157069561,rs75500098-C-G,1
chr1,157133633,rs1176544-G-A,-1
chr1,157370076,rs4353085-C-T,-1
chr1,159791464,rs60205880-G-C,1
chr1,160616981,rs12077091-G-A,-1
chr1,160738342,rs529878-A-C,-1
chr1,160825313,rs4656938-C-T,-1
chr1,160983669,rs2481082-T-G,-1
chr1,161509898,rs115057380-A-G,-1
chr1,162122448,rs12064771-C-T,1
chr1,165667357,rs16849479-C-A,-1
chr1,167059976,rs113286931-T-G,-1
chr1,167691691,rs1999842-T-C,-1
chr1,167905757,rs73024126-G-T,-1
chr1,168051609,rs968020-C-A,-1
chr1,169092476,rs3766042-G-C,-1
chr1,175161849,rs2272784-G-T,-1
chr1,175164627,rs76038774-C-T,-1
chr1,175381926,rs859468-C-T,-1
chr1,178511825,rs10913566-A-G,-1
chr1,181998796,rs114698866-T-A,-1
chr1,182218476,rs2489285-G-A,-1
chr1,182614303,rs529502-A-G,-1
chr1,183549757,rs10911363-G-T,1
chr1,183554281,rs789185-A-G,1
chr1,183621446,rs3889889-T-C,-1
chr1,183621477,rs6658393-A-G,-1
chr1,183866849,rs12031722-G-T,-1
chr1,184020763,rs73050969-C-T,-1
chr1,201078049,rs112218324-G-A,-1
chr1,201685182,rs4146694-A-C,-1
chr1,202114034,rs74136744-G-A,-1
chr1,202149439,rs4511180-A-G,1
chr1,203243600,rs2185400-A-G,-1
chr1,203256634,rs4971220-T-G,-1
chr1,204733148,rs6700140-A-C,-1
chr1,204776276,rs116061419-G-A,-1
chr1,205562650,rs16855935-G-A,-1
chr1,205563162,rs3795550-C-T,-1
chr1,205743425,rs823143-A-C,-1
chr1,207125946,rs11119901-G-A,1
chr1,207226272,rs2629663-A-G,-1
chr1,207581359,rs17042493-T-A,-1
chr1,207995078,rs72729038-T-C,-1
chr1,208002010,rs6540443-T-A,-1
chr1,208171317,rs1152837-T-C,1
chr1,208332741,rs75714319-C-T,1
chr1,210424369,rs148188320-T-C,-1
chr1,211432908,rs77731153-C-T,-1
chr1,211822542,rs12741252-G-C,1
chr1,212873469,rs3754481-G-A,-1
chr1,213169057,rs74140549-C-A,-1
chr1,214502375,rs116279916-G-A,-1
chr1,218519330,rs73110310-A-C,-1
chr1,220943801,rs6697965-T-C,-1
chr1,221916307,rs4317817-A-C,-1
chr1,221928171,rs6604669-C-G,-1
chr1,224433065,rs112238875-C-G,-1
chr1,225966030,rs116293746-G-A,-1
chr1,226920773,rs3754411-G-A,-1
chr1,228198196,rs708116-C-A,-1
chr1,228675570,rs61827301-G-C,-1
chr1,228782519,rs35724040-A-T,-1
chr1,228887667,rs7535661-C-T,-1
chr1,228901472,rs6691478-T-C,-1
chr1,230285056,rs4846908-G-A,-1
chr1,231762340,rs3738398-G-C,1
chr1,234658404,rs6672247-A-G,-1
chr1,236164182,rs77988257-G-A,-1
chr1,236311886,rs10802285-T-C,-1
chr1,236959252,rs12354209-G-A,-1
chr1,241840759,rs12240147-C-T,-1
chr1,242343283,rs78093456-T-C,-1
chr1,244517238,rs4658633-A-G,1
chr1,244964713,rs751715-T-C,-1
chr1,246378371,rs10802352-C-T,-1
chr1,246979340,rs4073056-G-A,1
chr1,247095477,rs61854048-T-C,-1
chr1,247123565,rs55690615-T-G,-1
chr1,247242280,rs59868117-C-T,1
chr1,247603563,rs114800447-T-A,-1
chr10,869083,rs78663447-C-A,-1
chr10,1411286,rs10794743-C-A,1
chr10,1452537,rs34174118-G-A,1
chr10,1590971,rs12254717-G-A,-1
chr10,3215348,rs10795010-A-G,-1
chr10,3240019,rs59108377-C-T,-1
chr10,3520508,rs61477763-T-G,-1
chr10,4060495,rs17131879-G-A,-1
chr10,4163987,rs10904194-G-A,-1
chr10,5887279,rs11819695-C-T,1
chr10,5894500,rs10905307-A-G,1
chr10,6183786,rs114472515-C-T,-1
chr10,6246469,rs4750075-C-G,-1
chr10,6271036,rs41291281-G-C,-1
chr10,6342636,rs4747994-A-G,-1
chr10,7514022,rs2243630-C-G,-1
chr10,7629411,rs4747527-T-G,-1
chr10,7830003,rs115872841-G-A,-1
chr10,11196486,rs17149655-C-T,-1
chr10,12086124,rs60064203-T-A,-1
chr10,12154871,rs79706091-T-C,-1
chr10,12466797,rs141802172-G-A,1
chr10,12677304,rs17152034-C-T,1
chr10,13785382,rs1541015-C-T,-1
chr10,13826242,rs10796127-G-A,1
chr10,13928987,rs751497-G-A,-1
chr10,14227603,rs58121388-G-A,-1
chr10,14227778,rs6602711-C-A,-1
chr10,15148579,rs7901643-A-T,-1
chr10,22875295,rs10218845-G-A,-1
chr10,22900767,rs58650388-A-T,-1
chr10,22937760,rs2154053-T-G,-1
chr10,23278047,rs10828389-G-T,-1
chr10,24671740,rs4434904-G-T,-1
chr10,27015191,rs2927922-T-A,-1
chr10,27389484,rs7897698-T-G,-1
chr10,27541573,rs111908963-A-G,-1
chr10,28468603,rs17685100-G-A,-1
chr10,29785454,rs12414470-C-T,-1
chr10,31379846,rs2793109-T-A,1
chr10,32216766,rs11818816-T-G,-1
chr10,35415975,rs116806817-G-A,-1
chr10,35416513,rs12765038-G-C,-1
chr10,35425354,rs11592886-C-T,-1
chr10,35931218,rs7911770-C-G,-1
chr10,38691719,rs61837215-C-G,-1
chr10,44806670,rs800332-C-A,-1
chr10,50350183,rs2377981-T-C,1
chr10,50615806,rs7086360-G-A,-1
chr10,50616699,rs10776569-T-C,-1
chr10,51827726,rs114923840-G-A,-1
chr10,54500840,rs28408638-G-A,-1
chr10,54506112,rs59082403-C-G,1
chr10,63661035,rs4405263-C-G,-1
chr10,64379326,rs2393904-C-T,-1
chr10,64564227,rs7074164-T-G,-1
chr10,65632274,rs12269414-G-A,1
chr10,69523907,rs16924802-T-C,-1
chr10,69916269,rs73267107-G-A,-1
chr10,70011838,rs3858145-A-G,-1
chr10,70480868,rs5030883-A-C,-1
chr10,70989270,rs10823321-G-A,1
chr10,71333479,rs78069528-G-A,-1
chr10,71713924,rs2394615-T-C,-1
chr10,73423951,rs74379742-G-A,-1
chr10,73571883,rs11000015-C-T,1
chr10,74897691,rs12260168-A-C,-1
chr10,75173889,rs3812623-A-G,-1
chr10,75519322,rs10740418-T-C,-1
chr10,75911342,rs10824083-C-G,1
chr10,75911415,rs10824084-T-C,1
chr10,76970613,rs11556217-G-C,-1
chr10,80197361,rs77570953-G-T,1
chr10,81114033,rs11002941-A-G,-1
chr10,81904638,rs2819874-G-A,-1
chr10,82222939,rs7091843-G-A,-1
chr10,87898998,rs4934157-T-C,1
chr10,87984457,rs10887562-C-T,1
chr10,88091850,rs7905184-C-G,1
chr10,88343967,rs114446962-C-G,-1
chr10,90020372,rs79095213-C-T,-1
chr10,91097551,rs7901862-A-T,-1
chr10,92766939,rs11598281-T-C,-1
chr10,93847722,rs12256118-G-A,-1
chr10,95048925,rs1776070-A-G,-1
chr10,96121092,rs12782263-T-C,-1
chr10,96122826,rs7100870-C-T,-1
chr10,96305729,rs10882474-T-C,-1
chr10,97601894,rs3181132-A-G,-1
chr10,97640542,rs10882680-T-G,-1
chr10,97748040,rs7900838-G-A,-1
chr10,98549577,rs7477274-T-C,1
chr10,99258223,rs3750558-T-G,-1
chr10,99313445,rs59063780-C-T,1
chr10,101130855,rs2002059-A-G,-1
chr10,102289743,rs10883506-C-G,-1
chr10,103326665,rs55839889-A-G,-1
chr10,104082688,rs12772375-T-G,-1
chr10,104429746,rs7094325-G-C,1
chr10,105241839,rs56679579-G-C,-1
chr10,105275425,rs2148021-T-A,-1
chr10,105803156,rs12265653-G-T,1
chr10,106015686,rs12250592-C-A,-1
chr10,106569689,rs2491390-C-T,-1
chr10,109193540,rs7911453-C-A,-1
chr10,111832836,rs73351021-T-C,1
chr10,112258960,rs113506362-G-A,-1
chr10,112360368,rs7094685-G-A,-1
chr10,112506322,rs1113796-C-T,-1
chr10,112627480,rs73360869-C-T,-1
chr10,116582502,rs1359079-A-G,-1
chr10,119202611,rs385540-G-C,-1
chr10,120967109,rs112475529-C-T,-1
chr10,121412132,rs55725412-A-G,-1
chr10,122828846,rs2420899-T-G,-1
chr10,125312768,rs705181-G-A,1
chr10,126150277,rs115767989-C-T,-1
chr10,126605316,rs12761149-G-A,-1
chr10,127210838,rs10901400-C-G,-1
chr10,127511790,rs4385801-G-T,-1
chr10,130010323,rs4750690-G-A,-1
chr10,131926121,rs11017093-T-C,-1
chr10,134036828,rs73401744-A-G,-1
chr10,134271207,rs115149676-G-A,-1
chr11,441948,rs150989809-A-G,-1
chr11,840363,rs6591-C-T,-1
chr11,1714688,rs11607954-T-C,1
chr11,3443773,rs7124571-A-G,-1
chr11,6640753,rs1800732-A-G,-1
chr11,7613461,rs11041465-G-A,-1
chr11,7687215,rs113239745-C-T,-1
chr11,8269051,rs404133-A-G,-1
chr11,8932733,rs2568026-A-G,1
chr11,8986019,rs7940895-G-C,-1
chr11,10473170,rs12184411-G-A,-1
chr11,10679441,rs1544861-T-C,1
chr11,12048548,rs4301768-G-T,-1
chr11,12048622,rs115167798-C-A,-1
chr11,12209191,rs11022243-G-A,-1
chr11,13484805,rs115001193-C-A,-1
chr11,17376164,rs7121987-G-C,-1
chr11,18034605,rs3741201-C-G,-1
chr11,18548183,rs1395319-T-G,1
chr11,29181295,rs1337615-C-T,-1
chr11,32851189,rs11032013-T-A,-1
chr11,33061814,rs2273543-C-T,-1
chr11,33757941,rs13614-A-G,-1
chr11,34176377,rs2473927-A-G,-1
chr11,34334905,rs6484704-T-C,1
chr11,35335197,rs6484780-C-T,-1
chr11,36131924,rs77949359-T-G,-1
chr11,40263223,rs10768589-C-T,-1
chr11,42546393,rs11036926-G-T,-1
chr11,44797140,rs76873282-C-G,1
chr11,57413943,rs12793139-C-G,1
chr11,59324056,rs2298868-T-C,-1
chr11,59324075,rs7952495-G-A,-1
chr11,60110746,rs2017738-C-T,-1
chr11,60598449,rs72915001-C-T,1
chr11,61124346,rs12291349-C-T,-1
chr11,62310909,rs2509961-T-C,-1
chr11,62334908,rs1061093-G-C,1
chr11,62554814,rs2584916-A-G,-1
chr11,63304821,rs76449761-C-G,-1
chr11,63382002,rs7482863-G-C,-1
chr11,63706085,rs116758591-T-C,1
chr11,64503179,rs553618-A-G,1
chr11,64627033,rs55870084-C-T,-1
chr11,64684880,rs75187133-T-C,-1
chr11,64764396,rs75135680-G-A,-1
chr11,64889728,rs769438-G-T,-1
chr11,65033874,rs554122-T-C,1
chr11,65559266,rs10791824-A-G,1
chr11,65661656,rs507062-T-C,-1
chr11,66079787,rs57804123-G-A,1
chr11,66313693,rs3814735-A-G,1
chr11,66610645,rs7570-G-C,-1
chr11,67236933,rs10896175-T-G,-1
chr11,67573332,rs185482554-C-T,1
chr11,67771710,rs79040418-C-G,-1
chr11,68671353,rs57258566-T-C,-1
chr11,69029210,rs7122786-A-C,1
chr11,69485219,rs114826791-A-T,-1
chr11,70073264,rs661101-T-C,1
chr11,72284534,rs670066-T-A,-1
chr11,73018508,rs57132806-G-A,-1
chr11,73716469,rs3781907-A-G,1
chr11,74160632,rs80120225-C-T,-1
chr11,77742826,rs2372897-A-G,1
chr11,78356497,rs12279681-C-T,-1
chr11,80527039,rs9634006-G-C,-1
chr11,82612695,rs7943593-C-T,-1
chr11,82873585,rs57435609-A-G,-1
chr11,93862020,rs4753126-C-T,1
chr11,94276983,rs11574856-C-G,-1
chr11,95289554,rs66825065-G-C,-1
chr11,96076551,rs116578577-G-A,-1
chr11,108369205,rs138999489-A-C,-1
chr11,111249457,rs6589229-A-T,-1
chr11,111270228,rs7952176-A-G,-1
chr11,111397497,rs115543494-G-T,-1
chr11,113767254,rs12577754-C-T,-1
chr11,116960497,rs11823918-G-C,-1
chr11,117350137,rs520289-G-A,-1
chr11,117678382,rs57211591-G-A,1
chr11,117922486,rs624931-C-T,-1
chr11,118069269,rs1573580-G-C,-1
chr11,118889132,rs11217124-A-G,-1
chr11,118938371,rs1784460-T-A,-1
chr11,118973133,rs10790282-G-A,1
chr11,119497806,rs11217358-A-G,-1
chr11,120644424,rs948027-T-C,1
chr11,120828067,rs116345307-A-G,-1
chr11,124066062,rs11219493-A-C,-1
chr11,125793056,rs521203-T-G,-1
chr11,126286588,rs10893507-A-C,-1
chr11,126290510,rs4937127-A-G,-1
chr11,126355073,rs80351934-C-G,-1
chr11,129793363,rs116378728-C-T,-1
chr11,131898718,rs534765-T-A,1
chr11,133415183,rs68107944-A-G,-1
chr11,133765367,rs329648-T-C,-1
chr11,133798762,rs1793680-C-T,-1
chr11,133817333,rs502834-G-A,-1
chr12,662838,rs1056008-T-C,1
chr12,791805,rs7312896-G-A,-1
chr12,2861905,rs116614736-G-A,-1
chr12,2905116,rs116472971-C-T,-1
chr12,3151007,rs77692525-C-T,-1
chr12,4105139,rs12831976-G-A,-1
chr12,4867370,rs7305525-T-C,-1
chr12,6902002,rs2707210-G-T,1
chr12,6949011,rs3809250-A-C,1
chr12,6962300,rs743599-G-C,-1
chr12,7037504,rs193192226-G-A,-1
chr12,8113444,rs887740-T-C,-1
chr12,8543152,rs149165389-C-A,-1
chr12,8801391,rs61354288-G-A,-1
chr12,8834831,rs10128818-G-A,-1
chr12,8850647,rs74766418-G-A,-1
chr12,9043352,rs10771167-G-T,-1
chr12,9043356,rs11047839-G-T,-1
chr12,9472018,rs10734772-A-C,1
chr12,9893079,rs10844656-A-G,1
chr12,9895928,rs79319977-C-A,-1
chr12,9916821,rs3176776-A-C,-1
chr12,10096086,rs74065411-G-C,1
chr12,10366088,rs11053687-C-T,-1
chr12,12189684,rs1641725-T-G,1
chr12,12798949,rs4763860-T-A,-1
chr12,12799012,rs12422993-G-A,-1
chr12,13515358,rs1379510-T-C,1
chr12,14392499,rs10845934-T-C,1
chr12,14956476,rs2075268-A-G,-1
chr12,15699237,rs78207803-T-G,-1
chr12,21654644,rs1860947-C-A,-1
chr12,21680968,rs7302146-C-G,-1
chr12,26922073,rs12582043-G-A,-1
chr12,27484501,rs115812612-C-T,-1
chr12,28123034,rs76209541-C-G,-1
chr12,32028000,rs1666234-G-C,-1
chr12,40953909,rs1492323-T-C,-1
chr12,42721111,rs77819263-C-A,-1
chr12,47706703,rs11183838-G-A,-1
chr12,48297932,rs11574013-G-A,-1
chr12,49437753,rs111924728-G-A,1
chr12,49525379,rs114194229-A-C,-1
chr12,50156908,rs74087196-A-G,-1
chr12,50214028,rs59815766-C-A,-1
chr12,50361100,rs296762-G-A,-1
chr12,50926704,rs12146806-T-C,-1
chr12,51319221,rs28372674-G-A,-1
chr12,51984636,rs113368091-C-A,-1
chr12,53273773,rs902772-C-G,-1
chr12,53273919,rs11170316-G-T,-1
chr12,53661932,rs76050896-G-T,1
chr12,53689190,rs1870240-C-G,-1
chr12,53938808,rs12316789-T-C,-1
chr12,54788195,rs73322224-T-C,-1
chr12,54954306,rs3825194-C-T,-1
chr12,54954329,rs76230405-G-T,-1
chr12,55378671,rs1906495-C-T,-1
chr12,56040066,rs79728885-A-G,-1
chr12,56109786,rs4457792-G-C,-1
chr12,56211641,rs3759101-C-T,-1
chr12,57632361,rs116155875-G-A,-1
chr12,57637593,rs3204635-G-A,-1
chr12,58240583,rs76946508-C-G,-1
chr12,66563103,rs1967338-T-C,-1
chr12,69751434,rs683790-T-G,-1
chr12,69782318,rs315118-G-A,-1
chr12,70132485,rs71454241-C-G,-1
chr12,70133433,rs74101316-C-T,-1
chr12,77015495,rs1553943-T-C,-1
chr12,92861889,rs77056740-G-A,-1
chr12,92896495,rs2013113-C-T,-1
chr12,92964361,rs75192953-T-C,-1
chr12,93861371,rs77836056-G-C,-1
chr12,94517856,rs12309261-A-G,-1
chr12,94634187,rs66824619-T-C,-1
chr12,95163011,rs17023222-C-T,-1
chr12,95541834,rs7298498-A-T,-1
chr12,96252616,rs114301343-G-A,-1
chr12,101808512,rs112736488-T-G,-1
chr12,102028792,rs1727091-G-A,-1
chr12,102065278,rs1527393-G-C,-1
chr12,102271322,rs143977965-G-T,-1
chr12,102301026,rs57454316-A-G,1
chr12,104439094,rs76099481-T-A,-1
chr12,104899352,rs11609491-C-T,1
chr12,105478327,rs7303961-C-T,-1
chr12,107308792,rs4964192-A-G,-1
chr12,108959987,rs73404727-C-T,-1
chr12,109021092,rs8179131-C-T,-1
chr12,109124941,rs115217311-G-A,-1
chr12,109250344,rs59943555-G-A,-1
chr12,109740484,rs78266446-C-T,-1
chr12,110338889,rs61142691-A-T,-1
chr12,110950376,rs4766497-T-C,-1
chr12,111847740,rs3803170-A-G,1
chr12,112517642,rs1980364-T-C,-1
chr12,117354785,rs12821492-C-T,1
chr12,118499386,rs60432513-G-A,-1
chr12,120539307,rs2239202-A-G,-1
chr12,120966921,rs3742052-A-G,-1
chr12,121151899,rs7973907-C-A,-1
chr12,121163518,rs2239760-C-A,-1
chr12,121668295,rs58579849-G-T,-1
chr12,122110566,rs116201316-C-A,-1
chr12,122233067,rs115954056-C-T,-1
chr12,123312051,rs897393-C-T,-1
chr12,123344947,rs80041188-C-T,-1
chr12,125353929,rs7139002-C-T,-1
chr12,125383212,rs76695060-C-G,1
chr12,125398731,rs59522292-T-C,-1
chr12,125412008,rs7977743-T-C,-1
chr12,125412470,rs11057915-C-T,-1
chr12,125477573,rs78419556-G-A,-1
chr12,129265304,rs7302580-G-A,1
chr12,129282180,rs35907548-T-C,1
chr12,129356125,rs12319805-T-C,-1
chr12,131199472,rs1487606-A-G,-1
chr12,131365141,rs73467296-G-C,-1
chr12,131937345,rs79968331-C-G,1
chr12,131939460,rs6486682-A-G,-1
chr12,132337570,rs7964862-T-G,1
chr12,132629879,rs76447236-C-T,-1
chr12,133137929,rs116175313-C-G,-1
chr12,133396224,rs114831048-C-T,1
chr13,20438935,rs10161995-C-T,-1
chr13,20749167,rs2313474-T-C,-1
chr13,21050176,rs7324189-C-T,-1
chr13,21063524,rs14236-A-G,1
chr13,21872236,rs2038982-C-T,-1
chr13,22423779,rs665139-G-C,-1
chr13,24135508,rs74844429-T-A,-1
chr13,24281929,rs7991999-G-T,-1
chr13,24345846,rs41388845-C-T,-1
chr13,24828544,rs59067426-C-T,-1
chr13,24855090,rs77784335-C-A,-1
chr13,25085381,rs115683669-G-A,-1
chr13,25086526,rs2282409-G-A,-1
chr13,25180151,rs943049-C-T,1
chr13,25258322,rs61948075-G-C,-1
chr13,25861116,rs9511742-T-C,-1
chr13,27447183,rs76055945-T-G,-1
chr13,28611738,rs2491236-G-A,1
chr13,29233609,rs1771209-C-T,-1
chr13,30706900,rs7327965-G-A,-1
chr13,30887663,rs9508701-C-T,-1
chr13,30995831,rs190619571-C-T,-1
chr13,31017285,rs7335843-T-C,-1
chr13,31167278,rs75926601-T-C,-1
chr13,31363610,rs10870642-G-A,-1
chr13,32521477,rs72623501-C-A,-1
chr13,32739065,rs798974-C-A,-1
chr13,32842173,rs206084-A-G,1
chr13,33385647,rs28508307-A-G,-1
chr13,33479451,rs7327375-A-T,1
chr13,33590184,rs1207568-G-A,-1
chr13,33763731,rs797204-C-T,-1
chr13,33825641,rs2555595-T-C,-1
chr13,33942308,rs9537312-T-C,-1
chr13,34392168,rs3135530-C-T,-1
chr13,40229724,rs7327779-A-G,-1
chr13,41495945,rs114277043-G-A,-1
chr13,42086794,rs9532865-C-T,1
chr13,42614522,rs138808588-T-C,-1
chr13,43177163,rs633137-T-C,-1
chr13,43962622,rs17064492-C-T,-1
chr13,46913416,rs674754-C-T,-1
chr13,47371389,rs1216968-C-A,-1
chr13,48908802,rs9562817-G-A,-1
chr13,49550646,rs149778205-G-A,-1
chr13,50244041,rs9535292-T-C,1
chr13,51288271,rs79623419-T-A,-1
chr13,66712790,rs9529023-A-C,-1
chr13,74277048,rs17090353-G-C,-1
chr13,77402584,rs11839540-C-T,1
chr13,79177690,rs115547487-C-T,-1
chr13,95466383,rs114615590-A-C,-1
chr13,95892414,rs9590211-G-A,-1
chr13,95912537,rs4148433-T-C,-1
chr13,95933641,rs4773869-C-T,-1
chr13,98111599,rs79826256-C-T,-1
chr13,98795102,rs115602312-C-T,-1
chr13,98918741,rs12431106-T-C,-1
chr13,99134760,rs7320725-C-T,-1
chr13,99160771,rs76768221-C-T,-1
chr13,100258502,rs869323-A-G,-1
chr13,100259327,rs114555568-C-T,-1
chr13,100377628,rs76205212-A-G,-1
chr13,100552850,rs9513679-A-C,-1
chr13,103426234,rs76756357-A-G,-1
chr13,103498180,rs4150248-C-A,-1
chr13,103507229,rs4150276-T-A,1
chr13,104170055,rs9586207-A-G,-1
chr13,105791996,rs16965861-T-C,-1
chr13,109567650,rs116291323-C-T,-1
chr13,110790232,rs641862-T-C,-1
chr13,111064700,rs78706533-A-C,-1
chr13,111099554,rs9521764-C-G,1
chr13,111123586,rs7329234-C-T,1
chr13,111145246,rs78007678-A-G,1
chr13,111335729,rs718341-C-A,1
chr13,111604808,rs71440089-C-T,-1
chr13,111696072,rs9522092-C-T,-1
chr13,113345848,rs112237020-A-C,-1
chr13,113549671,rs187805219-C-T,-1
chr13,113585629,rs6577019-G-A,1
chr13,114100565,rs72666959-C-T,1
chr13,114216892,rs7333011-T-C,-1
chr13,114634184,rs7338868-T-G,1
chr13,114787764,rs74437579-G-A,-1
chr13,114809103,rs77514214-C-T,-1
chr13,114832046,rs114486157-G-A,-1
chr13,114833726,rs877425-G-C,-1
chr13,115000331,rs17290923-A-G,-1
chr13,115105448,rs9562202-T-C,-1
chr14,20909282,rs76409162-C-T,1
chr14,20938251,rs1760940-A-C,1
chr14,21325965,rs61978607-T-C,-1
chr14,21851715,rs78412029-G-A,-1
chr14,22080627,rs7147781-C-T,-1
chr14,22382139,rs74035423-C-T,1
chr14,22959826,rs17118670-T-C,-1
chr14,22977206,rs441323-G-A,-1
chr14,23120470,rs1242938-C-T,-1
chr14,23357419,rs80206019-C-T,-1
chr14,24025505,rs74039346-C-A,-1
chr14,24505722,rs8005834-C-G,-1
chr14,24505963,rs8009086-G-A,-1
chr14,24521187,rs117562093-C-T,-1
chr14,24630381,rs114393849-G-A,-1
chr14,24631404,rs34348617-G-A,-1
chr14,24758929,rs12896469-T-C,1
chr14,29220836,rs17114234-G-A,-1
chr14,31889829,rs11628655-T-G,-1
chr14,34416087,rs1769619-C-T,-1
chr14,34697378,rs1244359-C-T,-1
chr14,34793709,rs10147010-C-A,-1
chr14,35514950,rs799475-C-T,-1
chr14,35755087,rs10142846-G-T,-1
chr14,35809244,rs17103212-T-C,-1
chr14,35830114,rs10140922-G-T,-1
chr14,36455600,rs17103731-G-A,-1
chr14,39336984,rs2064958-G-A,-1
chr14,39572389,rs112212583-C-A,-1
chr14,39921156,rs73287557-A-G,1
chr14,40443374,rs113380563-G-A,-1
chr14,45367057,rs58557583-T-C,-1
chr14,49660574,rs1956100-A-C,-1
chr14,50087248,rs8018849-T-C,-1
chr14,50100683,rs2985686-C-G,-1
chr14,50101946,rs78309551-G-A,-1
chr14,50335113,rs55951265-C-G,-1
chr14,50360673,rs111484414-C-T,-1
chr14,50444184,rs7152675-C-T,-1
chr14,50550464,rs17122074-C-T,-1
chr14,50784919,rs7146558-C-A,1
chr14,50999286,rs184065494-A-C,-1
chr14,51135292,rs2934699-C-T,-1
chr14,51279122,rs72683641-C-T,-1
chr14,51297094,rs73299336-C-T,-1
chr14,51342232,rs76380835-G-A,-1
chr14,52333118,rs8005555-G-A,-1
chr14,52847245,rs1692047-A-C,-1
chr14,53829971,rs146603194-A-C,1
chr14,54863577,rs2235961-G-A,-1
chr14,55189714,rs7148113-A-G,1
chr14,55369502,rs1753589-A-G,-1
chr14,56047257,rs7142200-T-C,-1
chr14,56808909,rs17091324-A-G,1
chr14,59216017,rs17833077-G-A,-1
chr14,63850720,rs7150819-C-A,1
chr14,64108766,rs8018580-A-G,-1
chr14,64319689,rs143315154-C-T,-1
chr14,64320704,rs113116854-A-G,-1
chr14,65486939,rs78339233-G-A,-1
chr14,65878909,rs1953417-C-T,-1
chr14,66537699,rs7144103-G-T,-1
chr14,67117500,rs6573693-G-T,1
chr14,67960255,rs76170699-A-G,1
chr14,68134004,rs10148493-C-T,-1
chr14,68171269,rs12147055-G-A,-1
chr14,68213744,rs10288-G-A,-1
chr14,68735152,rs11849946-G-A,-1
chr14,68742411,rs79847806-A-C,-1
chr14,69131030,rs10483819-C-G,-1
chr14,69262441,rs3742887-A-G,-1
chr14,69263074,rs6573857-G-A,-1
chr14,69273905,rs194749-T-C,1
chr14,69803200,rs1275679-G-A,1
chr14,70485846,rs227406-G-A,-1
chr14,70706691,rs6650512-G-A,-1
chr14,72943751,rs115861478-C-T,-1
chr14,73048342,rs11625679-C-G,-1
chr14,73393878,rs1076458-G-A,1
chr14,73922284,rs74061130-T-C,-1
chr14,73924939,rs113713750-T-C,-1
chr14,74184889,rs4903144-G-C,-1
chr14,74485861,rs141645896-G-A,-1
chr14,75946814,rs7158350-T-C,1
chr14,76426723,rs3917211-C-T,-1
chr14,76952642,rs77090484-C-T,-1
chr14,76981151,rs10450932-G-T,1
chr14,77234764,rs3783996-C-T,-1
chr14,77375395,rs28551783-T-C,-1
chr14,78108614,rs12050439-T-A,-1
chr14,78173748,rs17825554-T-C,-1
chr14,78328793,rs11622297-T-A,-1
chr14,81743208,rs75051154-G-A,-1
chr14,81951894,rs112733068-C-T,1
chr14,89674304,rs61985226-C-G,-1
chr14,90239856,rs61389840-C-A,-1
chr14,90439708,rs7151913-T-C,-1
chr14,90701803,rs61996919-A-C,-1
chr14,91287534,rs1570114-C-T,-1
chr14,91693850,rs2181167-G-A,-1
chr14,91752974,rs112281953-A-C,-1
chr14,91817433,rs28505679-T-C,-1
chr14,91839086,rs116619950-T-C,1
chr14,92325091,rs76407494-C-T,-1
chr14,93170901,rs2402189-A-C,1
chr14,93181187,rs34441890-C-A,-1
chr14,93553186,rs76293576-C-A,-1
chr14,94417725,rs12885449-C-T,-1
chr14,94640447,rs968409-A-G,-1
chr14,94890043,rs74074735-G-A,-1
chr14,94952711,rs28733617-A-T,-1
chr14,95565497,rs67254327-G-A,-1
chr14,95624599,rs10137181-C-T,-1
chr14,95731968,rs115269159-T-C,-1
chr14,95811544,rs12884539-C-T,1
chr14,95946795,rs942318-C-A,-1
chr14,95971693,rs17092603-G-C,1
chr14,96131058,rs35446131-G-T,-1
chr14,96136775,rs2296310-C-A,1
chr14,96165986,rs1951986-C-A,-1
chr14,96192447,rs112829110-G-A,-1
chr14,96240726,rs77539504-C-T,-1
chr14,96574588,rs11845901-A-G,1
chr14,100068685,rs4905864-T-G,1
chr14,100185023,rs7157032-G-T,1
chr14,100481808,rs1209162-A-G,-1
chr14,100842765,rs113911074-T-C,-1
chr14,100952993,rs76829737-T-C,-1
chr14,102204531,rs76628831-C-T,-1
chr14,102227859,rs7158488-T-C,-1
chr14,102402127,rs8013848-T-C,1
chr14,102414608,rs73345604-T-C,-1
chr14,102447197,rs7144489-A-G,-1
chr14,102976281,rs112103588-G-A,-1
chr14,103022060,rs11623312-G-T,1
chr14,103058023,rs10132160-A-G,-1
chr14,103236707,rs10138946-C-T,-1
chr14,103239673,rs10148705-C-A,-1
chr14,103243946,rs1051750-C-T,-1
chr14,103284879,rs1956160-A-G,-1
chr14,103589413,rs10136760-C-A,-1
chr14,104338488,rs116121829-C-T,-1
chr14,104387971,rs74364246-C-G,-1
chr14,105106538,rs55844852-A-G,-1
chr14,105128654,rs112203984-C-T,1
chr14,105161648,rs7149608-C-T,-1
chr14,105559571,rs114528103-A-T,-1
chr14,105759763,rs11622166-C-A,-1
chr14,105864861,rs112628028-T-C,-1
chr14,106048620,rs79760538-C-T,-1
chr14,106167951,rs7144319-C-T,-1
chr15,22923742,rs11636046-G-C,1
chr15,23096921,rs4778307-A-C,-1
chr15,32907712,rs73369102-C-T,-1
chr15,34186552,rs557460-C-G,1
chr15,35280399,rs74008018-C-G,-1
chr15,40613332,rs74013052-C-A,-1
chr15,41709195,rs6493002-C-G,-1
chr15,41851414,rs148149251-T-A,-1
chr15,42221129,rs7178305-C-T,-1
chr15,42349347,rs776696-A-G,-1
chr15,42399754,rs639227-G-A,-1
chr15,42901445,rs78594152-G-A,-1
chr15,43478113,rs540587-G-C,1
chr15,45490773,rs12323957-C-T,-1
chr15,45497448,rs12593605-T-A,-1
chr15,45694579,rs1820518-C-T,-1
chr15,47488469,rs76128746-A-G,-1
chr15,48725883,rs74423740-A-T,-1
chr15,48933821,rs11070646-C-G,-1
chr15,50437846,rs28550188-C-T,-1
chr15,51915234,rs2278988-A-C,-1
chr15,52338114,rs59033446-T-A,-1
chr15,55513601,rs7183255-A-T,-1
chr15,58477797,rs78431786-C-A,-1
chr15,59498320,rs11855039-T-C,-1
chr15,59539794,rs4420472-G-A,-1
chr15,59981636,rs6151434-G-A,-1
chr15,62338462,rs12901575-C-G,-1
chr15,63196896,rs16946083-C-G,1
chr15,63340416,rs73431508-A-G,-1
chr15,63796788,rs114837545-C-A,-1
chr15,64175305,rs8037081-T-G,1
chr15,64388052,rs332258-G-C,-1
chr15,65059651,rs1008917-T-C,-1
chr15,67413555,rs79503421-G-A,-1
chr15,68522850,rs8024471-G-A,1
chr15,70174409,rs304951-C-T,1
chr15,70265705,rs59883225-C-T,-1
chr15,70779015,rs4283185-T-A,-1
chr15,70789797,rs11856326-T-A,1
chr15,73032768,rs4777530-G-A,-1
chr15,74674879,rs11856031-G-A,-1
chr15,77197745,rs907594-C-A,-1
chr15,77312041,rs16968623-G-A,1
chr15,77892293,rs74025306-T-C,-1
chr15,78181522,rs73455818-C-G,-1
chr15,78237027,rs11855127-G-A,1
chr15,78443631,rs11855354-G-A,-1
chr15,78860250,rs116297933-C-G,1
chr15,79237247,rs1036938-C-G,-1
chr15,80240981,rs116324519-A-G,-1
chr15,81293344,rs111785807-C-G,-1
chr15,81293928,rs28387047-C-G,-1
chr15,84811774,rs2063036-A-G,-1
chr15,86018746,rs7161880-C-T,1
chr15,86029335,rs6497208-C-T,-1
chr15,86098647,rs7164821-T-C,-1
chr15,90233969,rs8029037-G-C,-1
chr15,90316459,rs73475909-C-T,1
chr15,90574819,rs61536388-G-A,1
chr15,90809264,rs112524293-C-T,-1
chr15,90863412,rs113871489-C-T,-1
chr15,91477651,rs2004840-G-A,-1
chr15,94867651,rs8024499-G-A,-1
chr15,95129536,rs58080598-T-C,-1
chr15,96582145,rs8026934-G-A,-1
chr15,99911977,rs76852399-G-C,-1
chr15,100105414,rs2570800-C-T,-1
chr15,100435521,rs59872852-G-T,-1
chr15,101374035,rs11852748-C-A,1
chr15,101459212,rs57367399-T-C,-1
chr15,101459447,rs12907541-G-C,-1
chr16,85109,rs74003618-G-C,-1
chr16,412393,rs74000545-C-T,-1
chr16,1354589,rs7185893-T-G,1
chr16,1360974,rs56721974-C-T,-1
chr16,1495475,rs9921-G-A,1
chr16,1583634,rs8048206-T-C,1
chr16,2566615,rs28459821-A-G,-1
chr16,2737071,rs11645410-T-C,-1
chr16,3564009,rs115515845-A-T,1
chr16,4227248,rs758306-G-C,-1
chr16,4304019,rs13336930-G-A,-1
chr16,4375529,rs804179-C-G,-1
chr16,4700675,rs80265182-C-G,1
chr16,4888304,rs11076849-G-T,-1
chr16,8605034,rs74932556-T-G,1
chr16,9254161,rs2941367-G-A,1
chr16,11012734,rs8062961-T-C,-1
chr16,11277118,rs744380-C-T,-1
chr16,11422613,rs116287325-C-G,-1
chr16,12009277,rs185937624-C-A,-1
chr16,12913299,rs35757796-G-T,-1
chr16,14165384,rs76652391-C-T,-1
chr16,14403442,rs76983687-G-C,1
chr16,15869307,rs146604595-T-C,-1
chr16,15869314,rs76943052-A-T,-1
chr16,17369320,rs12931053-G-A,-1
chr16,18778733,rs2650563-T-C,-1
chr16,23847575,rs75964872-C-A,-1
chr16,23854646,rs9937924-A-G,-1
chr16,27413330,rs2189522-G-A,-1
chr16,27420142,rs12596049-T-C,-1
chr16,27561368,rs75950804-C-A,-1
chr16,30786715,rs11640414-T-C,1
chr16,46924052,rs4967602-T-C,-1
chr16,48151550,rs28531369-G-C,1
chr16,50295994,rs4611457-C-G,-1
chr16,50840529,rs58866775-G-A,-1
chr16,52607745,rs78478815-G-A,-1
chr16,55478822,rs62029046-C-G,-1
chr16,56894490,rs74637113-G-A,1
chr16,56905250,rs1123507-C-T,1
chr16,56966011,rs37025-G-A,-1
chr16,57015463,rs7195984-G-A,-1
chr16,57016950,rs289740-C-T,-1
chr16,57117395,rs7185400-C-T,-1
chr16,57333856,rs73555369-C-T,-1
chr16,66556265,rs56886347-A-C,1
chr16,67011791,rs116119705-A-G,-1
chr16,67572138,rs113891100-G-A,-1
chr16,68564007,rs7193495-C-T,-1
chr16,74808751,rs8055626-G-A,-1
chr16,75299967,rs73605136-C-T,1
chr16,77203669,rs1035566-G-A,-1
chr16,81005896,rs55776427-T-C,-1
chr16,81876279,rs8043593-G-T,-1
chr16,84311035,rs8052252-C-T,-1
chr16,84541173,rs76547445-T-C,1
chr16,84698394,rs881583-C-G,-1
chr16,84853622,rs2172623-T-C,-1
chr16,85210429,rs79137842-A-G,-1
chr16,85722560,rs58171120-C-G,-1
chr16,85792888,rs439967-C-A,-1
chr16,86003446,rs9308364-T-C,-1
chr16,87417621,rs2318450-G-A,-1
chr16,88017519,rs3815818-C-G,-1
chr16,88924249,rs57061200-A-G,-1
chr16,89164081,rs11076763-G-C,-1
chr16,89164974,rs36099289-C-A,-1
chr16,89386808,rs889574-A-G,1
chr16,89682169,rs35078537-G-C,1
chr17,1359680,rs7218819-T-G,-1
chr17,1378169,rs9903846-G-A,-1
chr17,1614547,rs77705405-C-T,-1
chr17,1667724,rs12603486-G-A,-1
chr17,1807705,rs7208736-A-G,-1
chr17,2126504,rs216172-G-C,-1
chr17,2496737,rs75906129-C-T,-1
chr17,2578687,rs79015252-C-G,-1
chr17,3730533,rs170151-T-A,-1
chr17,3814826,rs9898098-C-A,-1
chr17,3896965,rs78145797-A-G,1
chr17,4465502,rs2100986-C-T,-1
chr17,5015148,rs112282117-A-G,-1
chr17,5323125,rs1058119-C-A,-1
chr17,5430437,rs11649978-A-G,-1
chr17,5491013,rs77447601-G-A,-1
chr17,6544187,rs73351866-G-C,-1
chr17,6560504,rs41418046-C-T,-1
chr17,6560595,rs199885223-C-T,-1
chr17,6560596,rs12103854-A-T,-1
chr17,6656485,rs73356218-G-A,1
chr17,6703929,rs74520150-T-G,1
chr17,7117315,rs73976746-T-C,-1
chr17,7358861,rs2302762-T-C,-1
chr17,7766228,rs6503066-T-C,-1
chr17,7920227,rs78380494-A-G,-1
chr17,7961115,rs7214969-G-C,-1
chr17,7961204,rs7216269-C-T,-1
chr17,7994556,rs76070412-G-A,-1
chr17,7997413,rs55667186-T-C,-1
chr17,8030292,rs3027273-T-G,-1
chr17,8649414,rs7208522-G-C,-1
chr17,8740372,rs111954688-C-T,-1
chr17,9274511,rs7220966-C-T,-1
chr17,9869693,rs7212969-A-G,-1
chr17,10055514,rs1468086-G-A,-1
chr17,10130202,rs7213829-A-C,-1
chr17,10130280,rs7213413-C-G,-1
chr17,10220760,rs8079253-G-A,1
chr17,14241157,rs76927529-C-T,-1
chr17,15587575,rs10221188-G-A,-1
chr17,16492726,rs9890785-G-A,-1
chr17,17206519,rs6502575-A-G,1
chr17,17495090,rs70953701-C-T,-1
chr17,17617309,rs11654526-C-T,-1
chr17,17721457,rs4925115-A-G,1
chr17,18057272,rs712271-A-G,-1
chr17,18064730,rs8077577-C-T,-1
chr17,18088094,rs11078411-C-T,-1
chr17,18622094,rs57432022-G-A,-1
chr17,19281006,rs3866958-A-C,1
chr17,19666001,rs10432059-C-T,1
chr17,20059824,rs1974745-C-G,-1
chr17,20923750,rs7211094-T-C,-1
chr17,21360472,rs140914323-A-G,-1
chr17,25708326,rs116694128-T-C,-1
chr17,25912473,rs9893461-G-A,-1
chr17,26875308,rs78216536-G-A,-1
chr17,27292846,rs77041179-G-A,-1
chr17,27444353,rs71369702-C-T,-1
chr17,27466210,rs56769926-T-C,-1
chr17,27621349,rs1850512-C-T,-1
chr17,28667282,rs8079175-G-A,-1
chr17,29042400,rs9901762-C-T,-1
chr17,29107588,rs9914499-G-A,-1
chr17,29149298,rs7220999-C-T,-1
chr17,29297397,rs7221217-A-G,1
chr17,29835381,rs9908056-C-T,-1
chr17,29877224,rs76144293-C-T,-1
chr17,30240761,rs115244742-A-G,-1
chr17,30603318,rs12450124-A-G,-1
chr17,30830800,rs73274238-T-G,-1
chr17,31297486,rs1557752-A-C,1
chr17,31847626,rs9905752-G-C,-1
chr17,33308221,rs3135958-G-T,-1
chr17,33416754,rs73287003-G-A,-1
chr17,33416966,rs7222317-G-A,-1
chr17,33571546,rs11080327-G-A,1
chr17,33795057,rs67536209-A-C,1
chr17,34900836,rs3736166-G-C,1
chr17,35767318,rs76455262-G-C,-1
chr17,35850275,rs862490-T-C,1
chr17,36124578,rs6607294-C-G,-1
chr17,36747519,rs2429990-C-A,-1
chr17,36852300,rs112598967-C-A,-1
chr17,36908123,rs228273-C-T,-1
chr17,37026344,rs114238618-G-T,-1
chr17,37213307,rs4795337-C-T,-1
chr17,37400324,rs7222063-A-G,-1
chr17,37607568,rs59110119-G-C,-1
chr17,37607596,rs67819651-A-G,-1
chr17,37607666,rs35194764-C-G,-1
chr17,37793388,rs7503843-C-T,-1
chr17,37912377,rs12946510-C-T,-1
chr17,37975661,rs34053394-A-G,-1
chr17,38023441,rs1453560-T-G,-1
chr17,38029120,rs12936231-C-G,1
chr17,38350730,rs7221536-C-G,1
chr17,38703987,rs57404337-A-G,-1
chr17,38719752,rs79980507-G-T,-1
chr17,38884437,rs8077449-T-C,-1
chr17,39059524,rs34992769-G-A,-1
chr17,39072474,rs11868688-G-A,-1
chr17,40075413,rs8077121-A-G,-1
chr17,40215786,rs4081542-A-G,-1
chr17,40264125,rs3744484-A-T,-1
chr17,40307168,rs3785900-G-A,-1
chr17,40333463,rs9896975-G-C,-1
chr17,41654116,rs11653520-G-C,-1
chr17,41656330,rs7216851-C-T,-1
chr17,41843979,rs15359-C-G,1
chr17,42297889,rs58392387-A-G,-1
chr17,42314109,rs79263615-G-T,-1
chr17,42441405,rs75298196-G-A,-1
chr17,42486310,rs116606536-T-C,1
chr17,43373400,rs28735460-C-T,-1
chr17,45283101,rs73327177-T-C,-1
chr17,45396087,rs6504833-A-G,1
chr17,45401215,rs58611856-C-T,-1
chr17,45794706,rs1808192-A-G,-1
chr17,46222659,rs7223389-G-A,-1
chr17,46231124,rs115068779-A-G,-1
chr17,46590719,rs60944926-T-G,1
chr17,46621828,rs56128659-T-A,-1
chr17,46891962,rs674310-G-C,-1
chr17,47296341,rs658979-G-A,1
chr17,47320314,rs73340354-T-C,1
chr17,47773013,rs17645317-C-A,-1
chr17,48225223,rs56719544-G-C,-1
chr17,48426149,rs72832439-G-C,-1
chr17,48849868,rs4611503-A-G,1
chr17,48964891,rs4514718-C-T,1
chr17,49449132,rs4794243-T-C,-1
chr17,49613387,rs6504732-C-G,1
chr17,53373550,rs11079159-A-T,-1
chr17,53514808,rs4794586-C-T,-1
chr17,54912339,rs1048159-G-A,-1
chr17,55055482,rs73313810-G-A,-1
chr17,55333895,rs191566573-C-A,-1
chr17,55511928,rs56400133-C-A,1
chr17,55538685,rs76954717-C-T,-1
chr17,55703550,rs4793881-A-G,1
chr17,55825118,rs9303396-T-C,-1
chr17,56695008,rs302860-C-A,-1
chr17,56736459,rs191825334-T-C,-1
chr17,56769979,rs12946397-C-T,-1
chr17,57448022,rs9913367-G-C,-1
chr17,57696827,rs3803862-A-G,-1
chr17,57976658,rs2526354-T-C,1
chr17,58798274,rs115986700-A-G,-1
chr17,59356980,rs77810220-G-T,-1
chr17,62024303,rs8076075-C-T,1
chr17,62097846,rs16947352-C-T,-1
chr17,62770696,rs76820561-C-A,1
chr17,63169710,rs78836854-G-A,-1
chr17,65217367,rs28522034-T-C,1
chr17,65570949,rs1808692-C-A,-1
chr17,65599330,rs75673663-T-C,-1
chr17,65825656,rs9914296-A-C,1
chr17,66181924,rs113013931-C-G,-1
chr17,66234121,rs112133152-G-A,-1
chr17,67323871,rs561675-G-C,1
chr17,70026560,rs759497-G-A,-1
chr17,70236669,rs60805964-T-C,1
chr17,70385430,rs11077605-A-G,-1
chr17,70463992,rs11653824-C-A,-1
chr17,71024702,rs903104-A-G,1
chr17,72848800,rs117147802-C-G,1
chr17,73031153,rs114651322-C-T,-1
chr17,73098549,rs112293248-C-T,-1
chr17,73452529,rs9892171-C-T,-1
chr17,73567535,rs1661716-T-G,1
chr17,73852116,rs936395-G-C,1
chr17,73873656,rs1105917-C-T,1
chr17,74181549,rs55876221-G-C,-1
chr17,74269039,rs87097-T-C,-1
chr17,74723218,rs61097622-T-C,-1
chr17,74732507,rs237058-A-G,-1
chr17,75085322,rs11868249-A-G,-1
chr17,75491147,rs312801-A-G,-1
chr17,75631054,rs9896166-T-C,1
chr17,76170830,rs1065768-C-T,-1
chr17,76335209,rs73380163-T-C,-1
chr17,76338685,rs73998042-C-T,-1
chr17,76471054,rs60585211-T-C,-1
chr17,76770746,rs35392193-G-A,-1
chr17,77083852,rs74001531-G-C,1
chr17,77290785,rs9896051-C-T,-1
chr17,78428524,rs28670551-C-T,-1
chr17,78739079,rs10871488-T-C,1
chr17,78865999,rs11868966-A-C,1
chr17,78962881,rs11150760-G-A,1
chr17,79009030,rs145195680-T-G,-1
chr17,79218993,rs79388860-C-T,1
chr17,79493967,rs34232035-C-T,-1
chr17,79884657,rs114739248-A-T,-1
chr17,80191189,rs7502052-T-G,-1
chr17,80407417,rs73999904-G-A,-1
chr17,80709263,rs116492246-C-T,-1
chr17,80802744,rs115382411-A-C,1
chr17,81012185,rs6502040-T-A,-1
chr18,658430,rs2847612-G-C,-1
chr18,2641777,rs78363135-A-G,-1
chr18,2906901,rs142125372-C-T,-1
chr18,3012722,rs62077520-T-G,-1
chr18,3602915,rs28483222-G-T,-1
chr18,5073406,rs11873420-A-G,-1
chr18,5868421,rs77876627-A-G,-1
chr18,5980327,rs1784821-A-T,-1
chr18,6543564,rs9966928-G-A,-1
chr18,10520309,rs473877-C-G,-1
chr18,10928393,rs264263-A-T,-1
chr18,11419574,rs80167991-C-T,-1
chr18,11752736,rs28696966-C-G,1
chr18,12237376,rs7238794-C-T,-1
chr18,12271828,rs62097515-G-C,1
chr18,12315620,rs7505203-C-T,-1
chr18,12315675,rs7505208-C-T,-1
chr18,12750253,rs888263-A-G,-1
chr18,13549697,rs1290368-T-C,-1
chr18,13569214,rs1785144-C-T,-1
chr18,21103783,rs73390299-T-A,-1
chr18,23806450,rs114728021-C-T,-1
chr18,23985498,rs1785582-G-A,-1
chr18,24033472,rs17799844-G-A,-1
chr18,24653479,rs62082863-C-A,-1
chr18,28810724,rs73411004-T-C,-1
chr18,29261340,rs8092508-C-G,1
chr18,29321367,rs7229392-A-G,-1
chr18,29738221,rs73417819-C-T,-1
chr18,32739905,rs13353254-C-A,-1
chr18,32811157,rs115150177-A-G,-1
chr18,32847154,rs35501262-C-A,-1
chr18,33441891,rs12458709-C-T,-1
chr18,33877496,rs66461566-G-C,-1
chr18,34099400,rs16967921-G-A,-1
chr18,34152361,rs12967267-G-A,-1
chr18,34235656,rs1495900-A-G,-1
chr18,42741986,rs16978286-C-T,1
chr18,43407800,rs73953903-T-C,1
chr18,44676843,rs116124011-C-T,-1
chr18,45282866,rs73439777-C-T,-1
chr18,47018959,rs4402665-A-G,-1
chr18,47624370,rs73448729-T-A,-1
chr18,48721995,rs116100431-T-C,-1
chr18,50906636,rs12607673-C-T,-1
chr18,51884319,rs1787822-T-C,-1
chr18,54318454,rs689384-T-C,-1
chr18,55487311,rs4997900-A-G,-1
chr18,55526726,rs3890023-T-C,-1
chr18,55712203,rs9957225-C-T,-1
chr18,55816329,rs4149597-G-A,-1
chr18,56193030,rs74616045-G-A,-1
chr18,56224021,rs73447220-G-A,-1
chr18,56468061,rs8092519-A-G,-1
chr18,57514534,rs7242982-G-A,-1
chr18,59820259,rs75469856-C-T,1
chr18,60826343,rs4940572-G-A,-1
chr18,66327815,rs7227089-C-T,-1
chr18,66660222,rs1897290-C-T,-1
chr18,68086329,rs2581721-G-A,-1
chr18,70429894,rs9636080-A-G,-1
chr18,71749935,rs951819-A-G,-1
chr18,72020558,rs79487804-G-A,-1
chr18,72654476,rs80284631-C-T,-1
chr18,72973647,rs9952952-G-A,1
chr18,72979640,rs6566072-G-A,1
chr18,74076658,rs75482424-G-T,-1
chr18,74203635,rs182913328-G-A,-1
chr18,74640325,rs9947016-T-C,1
chr18,74735170,rs8090564-C-T,1
chr18,74818514,rs1630958-T-C,-1
chr18,77006717,rs114011081-C-T,-1
chr18,77725625,rs1430598-G-C,1
chr19,511796,rs8107593-C-G,1
chr19,803060,rs113189046-G-A,-1
chr19,888663,rs2930905-T-C,1
chr19,1240332,rs149486497-C-G,-1
chr19,1542850,rs73504483-T-C,-1
chr19,1747904,rs2240562-T-C,-1
chr19,1861062,rs115397097-G-C,-1
chr19,1903374,rs73520871-T-A,-1
chr19,2085458,rs116727643-C-T,-1
chr19,2537756,rs12710069-C-T,-1
chr19,2888827,rs484537-C-A,-1
chr19,3185874,rs510724-C-G,-1
chr19,3365909,rs76376000-T-C,-1
chr19,3365950,rs112010807-G-C,-1
chr19,4670402,rs28365954-G-T,-1
chr19,4773468,rs76697861-G-A,-1
chr19,4804004,rs28541328-G-A,-1
chr19,4829250,rs4807653-A-G,-1
chr19,5336333,rs73922010-G-C,-1
chr19,5791167,rs2290776-T-C,1
chr19,6048971,rs111523968-G-T,-1
chr19,6517163,rs7251888-C-A,-1
chr19,6532159,rs78208235-C-T,-1
chr19,6552111,rs10411474-G-A,-1
chr19,6632171,rs59618823-A-G,-1
chr19,6668972,rs1077667-C-T,-1
chr19,6730631,rs12981348-T-C,-1
chr19,6773887,rs79127960-G-A,-1
chr19,7004532,rs8110698-G-A,1
chr19,7198471,rs59165976-G-C,-1
chr19,7216771,rs4804403-A-T,1
chr19,7759676,rs11260013-C-T,-1
chr19,8009321,rs116314569-T-C,-1
chr19,9241894,rs10418359-T-G,1
chr19,10340854,rs2033493-A-C,-1
chr19,10341368,rs10424806-C-T,-1
chr19,11065409,rs11085752-A-C,1
chr19,11090899,rs114827466-T-C,-1
chr19,12551895,rs3745657-A-T,-1
chr19,12593539,rs67514268-C-T,-1
chr19,12895553,rs8102357-G-A,1
chr19,13051829,rs73505370-C-T,-1
chr19,14788486,rs76943706-G-A,1
chr19,14887596,rs2286362-A-G,-1
chr19,15666874,rs17795020-T-C,-1
chr19,15695617,rs667386-T-C,-1
chr19,16222315,rs115478533-G-A,-1
chr19,16228701,rs7252188-A-G,-1
chr19,16582785,rs7252649-G-T,-1
chr19,16700887,rs73516912-C-T,-1
chr19,17216624,rs7246553-A-G,1
chr19,17337344,rs2288540-T-G,-1
chr19,17392629,rs35586766-G-A,1
chr19,17600140,rs7251644-C-G,1
chr19,17858360,rs28403253-G-A,1
chr19,17862925,rs4808683-C-G,1
chr19,18284651,rs2241089-G-T,-1
chr19,18395756,rs4378729-A-G,-1
chr19,18497024,rs1059519-G-C,-1
chr19,18633130,rs75984754-A-G,-1
chr19,18701499,rs7258589-C-T,-1
chr19,19652157,rs76790018-G-A,-1
chr19,20188745,rs11085297-T-C,-1
chr19,21512321,rs12461384-G-C,-1
chr19,23299760,rs74591547-T-C,-1
chr19,30068506,rs12609107-C-T,-1
chr19,33182730,rs10412467-C-T,-1
chr19,33667937,rs10406192-T-C,-1
chr19,33864542,rs137874350-G-C,-1
chr19,35843708,rs1573611-C-T,1
chr19,35942900,rs3815025-A-T,-1
chr19,35974202,rs8111522-G-A,1
chr19,36206050,rs2227278-A-C,-1
chr19,36981218,rs2967473-G-A,-1
chr19,37064050,rs3108596-T-A,-1
chr19,38146386,rs3101747-C-G,1
chr19,38464412,rs1725477-G-T,-1
chr19,38755406,rs1046773-C-G,1
chr19,39005937,rs2915942-G-T,-1
chr19,40476852,rs76030437-C-T,-1
chr19,40950809,rs268690-C-G,1
chr19,41274885,rs2607425-C-G,1
chr19,41415087,rs34724660-G-A,1
chr19,41945837,rs13346603-T-A,-1
chr19,42052927,rs4802123-G-C,-1
chr19,42688687,rs11883412-G-T,-1
chr19,44256205,rs346544-T-C,-1
chr19,44258702,rs12609056-G-T,-1
chr19,44270819,rs12427-A-G,-1
chr19,44905779,rs2722660-C-T,-1
chr19,45004743,rs10407032-C-T,-1
chr19,45701349,rs73566275-C-T,1
chr19,45926916,rs2298881-C-A,-1
chr19,46389531,rs59100610-G-C,-1
chr19,46974752,rs3760834-G-C,1
chr19,47016901,rs8105338-C-T,1
chr19,47083037,rs11083837-C-T,1
chr19,47142499,rs79625639-G-T,1
chr19,48707168,rs3745715-G-A,-1
chr19,48836236,rs1062918-G-A,-1
chr19,49342188,rs16982311-C-T,1
chr19,49376086,rs626140-A-G,-1
chr19,49559518,rs3810180-C-G,-1
chr19,49769783,rs11666840-A-G,1
chr19,49944884,rs74174284-C-G,-1
chr19,50096859,rs7251295-G-C,-1
chr19,50354211,rs7260222-C-T,-1
chr19,50819052,rs111440070-A-T,-1
chr19,50934939,rs3810276-G-A,-1
chr19,50972278,rs73579889-A-G,1
chr19,51069555,rs58553034-G-C,-1
chr19,51302202,rs3745526-T-A,-1
chr19,51412839,rs77569647-G-T,1
chr19,51867486,rs57067743-A-C,-1
chr19,52074473,rs7260533-G-C,-1
chr19,52080343,rs8109199-C-T,1
chr19,52511217,rs8108118-G-A,-1
chr19,52873239,rs73581129-C-T,-1
chr19,53104542,rs10402745-T-C,-1
chr19,53238414,rs56222801-G-C,-1
chr19,53898782,rs11670042-T-C,-1
chr19,54024235,rs11084261-T-C,-1
chr19,54024255,rs7257043-C-G,-1
chr19,55030183,rs6509882-A-G,-1
chr19,55033499,rs8107209-T-C,-1
chr19,55143209,rs10419085-G-C,-1
chr19,55624429,rs56350931-G-A,1
chr19,55677523,rs3848619-C-T,1
chr19,55979364,rs28619363-C-T,-1
chr19,57078937,rs62124110-C-T,-1
chr19,57170976,rs12462592-G-C,1
chr19,57702887,rs59020892-T-C,-1
chr19,57946540,rs10413680-C-A,-1
chr19,58920678,rs10404029-T-C,-1
chr2,2905368,rs4853839-T-C,-1
chr2,3131096,rs6548160-A-G,1
chr2,3227137,rs116381164-C-T,-1
chr2,3426274,rs7581065-T-C,-1
chr2,3605906,rs114898086-C-A,-1
chr2,3704794,rs34629504-G-C,1
chr2,8520167,rs55776708-A-C,-1
chr2,8692744,rs345900-A-G,-1
chr2,8724030,rs6750000-G-A,-1
chr2,8825518,rs146736526-G-A,-1
chr2,8977770,rs3749007-A-C,-1
chr2,9239635,rs35132160-C-T,1
chr2,9748226,rs73913144-G-C,-1
chr2,9877621,rs6730082-T-C,1
chr2,9983686,rs2303914-G-T,1
chr2,9983856,rs115657324-A-G,1
chr2,10054999,rs1835426-A-G,-1
chr2,10169300,rs6741776-G-C,1
chr2,10885968,rs4669620-C-G,1
chr2,10930903,rs4807-T-C,1
chr2,11023151,rs4669641-G-C,-1
chr2,11828653,rs11884930-A-G,-1
chr2,11833268,rs73179361-A-G,-1
chr2,12138508,rs75403351-G-A,-1
chr2,17342057,rs1396073-C-T,1
chr2,17985842,rs10856772-T-A,-1
chr2,18360204,rs75579810-C-T,1
chr2,18569191,rs10165181-A-G,-1
chr2,19547815,rs75572126-G-T,-1
chr2,19887169,rs35418220-A-G,1
chr2,20101832,rs2278528-C-G,-1
chr2,20391281,rs7563253-C-G,1
chr2,20414106,rs80296725-C-T,-1
chr2,20771777,rs60856046-G-A,1
chr2,20876760,rs11678116-G-T,1
chr2,21068349,rs6727980-T-G,1
chr2,25008611,rs77257598-A-G,-1
chr2,25747492,rs76549567-G-C,1
chr2,25825103,rs17803553-C-T,-1
chr2,26241161,rs11126335-G-A,-1
chr2,26568859,rs114778983-C-T,-1
chr2,27346685,rs181018386-C-T,-1
chr2,27603673,rs56120917-G-A,-1
chr2,27651375,rs2303370-C-T,1
chr2,28902004,rs4666115-C-T,1
chr2,30338632,rs1374724-A-G,-1
chr2,30449594,rs10175798-G-A,-1
chr2,32197333,rs13022719-C-T,-1
chr2,33709961,rs17013126-T-C,-1
chr2,34154719,rs72868143-G-A,-1
chr2,37384362,rs12992818-G-C,-1
chr2,37813509,rs77106417-C-T,-1
chr2,38050063,rs74539771-C-G,-1
chr2,38950008,rs73930949-T-A,-1
chr2,39492144,rs3755178-C-A,-1
chr2,42324419,rs35947696-T-A,-1
chr2,42722369,rs3796076-T-C,-1
chr2,42984490,rs7578904-A-G,-1
chr2,43020236,rs6724265-G-C,-1
chr2,43056139,rs893727-T-G,-1
chr2,43336638,rs4952967-T-C,-1
chr2,43797218,rs73925545-A-C,-1
chr2,43804665,rs112627261-G-T,-1
chr2,43864343,rs72868688-C-A,-1
chr2,43946045,rs12105204-C-T,1
chr2,44223008,rs116727742-G-A,-1
chr2,44588941,rs698775-G-A,-1
chr2,45517342,rs4953223-C-T,1
chr2,46033907,rs35128922-G-A,1
chr2,46146601,rs62128984-C-A,-1
chr2,46149205,rs73926115-T-C,-1
chr2,46877924,rs79773451-A-G,-1
chr2,47229953,rs17036039-T-C,-1
chr2,47285714,rs9309141-T-G,1
chr2,48432874,rs72885748-G-C,1
chr2,54308997,rs55930424-G-A,-1
chr2,54614350,rs10187191-T-A,1
chr2,54784930,rs13391762-G-C,-1
chr2,54798343,rs57810131-G-C,-1
chr2,60674068,rs77481960-G-C,-1
chr2,61226114,rs10211029-A-G,-1
chr2,62115776,rs41281525-G-A,-1
chr2,62533045,rs3924500-G-A,-1
chr2,62571741,rs72897551-G-A,-1
chr2,64586858,rs10865346-G-A,1
chr2,64881018,rs10168939-G-C,-1
chr2,65092073,rs186311137-T-A,-1
chr2,68384656,rs13384623-T-A,-1
chr2,68965033,rs114791451-G-A,-1
chr2,69253209,rs72895417-G-A,-1
chr2,69615403,rs73934911-G-A,-1
chr2,70342815,rs10496178-A-G,-1
chr2,70528869,rs74577100-A-T,-1
chr2,71174230,rs68044170-T-C,-1
chr2,71357710,rs981947-G-C,1
chr2,73461483,rs1053329-C-A,-1
chr2,74477427,rs75131120-G-A,-1
chr2,74805845,rs3025971-A-G,-1
chr2,75937888,rs7559767-G-C,-1
chr2,85527701,rs73943087-C-T,-1
chr2,85554080,rs4247303-G-A,-1
chr2,85555377,rs73943102-G-T,-1
chr2,85619725,rs67943011-C-T,1
chr2,85645593,rs62162753-A-C,-1
chr2,85664802,rs185788943-G-A,-1
chr2,85934499,rs12151621-C-A,-1
chr2,86263815,rs3770089-C-G,-1
chr2,86448408,rs749579-A-G,1
chr2,88565319,rs59727886-A-G,1
chr2,98391117,rs10191483-G-A,1
chr2,98524825,rs2309315-C-T,-1
chr2,99085359,rs72821908-A-G,-1
chr2,101178809,rs74337134-A-G,-1
chr2,102035760,rs958790-G-T,-1
chr2,102642127,rs3218979-G-A,-1
chr2,102972191,rs78036151-G-C,-1
chr2,102983423,rs11465590-T-C,-1
chr2,106361195,rs7564056-C-T,-1
chr2,106810872,rs147518036-C-G,-1
chr2,109069008,rs2683797-T-C,1
chr2,109232388,rs826682-A-C,-1
chr2,110371692,rs7579996-C-A,-1
chr2,111616104,rs13401811-G-A,-1
chr2,111879381,rs2241843-C-A,-1
chr2,113465980,rs6732118-G-A,-1
chr2,113521754,rs7594852-C-T,-1
chr2,114647392,rs13429261-A-G,-1
chr2,118944055,rs7592048-T-A,1
chr2,120048729,rs1530562-A-G,1
chr2,120145143,rs74611296-A-G,-1
chr2,120187344,rs11123523-A-G,-1
chr2,120212855,rs13431074-G-A,1
chr2,120417814,rs939776-T-A,-1
chr2,121852953,rs116258885-C-T,-1
chr2,122067565,rs4848702-C-T,1
chr2,127793029,rs55819047-A-G,-1
chr2,129261923,rs2445238-G-A,-1
chr2,130900932,rs114260041-C-T,-1
chr2,132170888,rs7589111-G-A,-1
chr2,132343822,rs62176575-C-G,-1
chr2,132359691,rs4544485-A-G,-1
chr2,133340261,rs73955703-A-G,1
chr2,134257067,rs1897431-T-A,-1
chr2,134877315,rs115259802-C-A,-1
chr2,137139707,rs6739031-C-T,1
chr2,139259222,rs62161711-A-G,-1
chr2,139259293,rs142954856-T-G,-1
chr2,143886437,rs354707-T-A,-1
chr2,153046634,rs76822046-C-T,-1
chr2,157252923,rs6757605-A-G,-1
chr2,158050812,rs16841383-C-T,-1
chr2,162023533,rs115285985-T-A,-1
chr2,162079910,rs13406532-T-C,-1
chr2,165849502,rs6725272-C-T,-1
chr2,170684548,rs79036304-G-A,-1
chr2,172182957,rs11691073-T-C,-1
chr2,174075546,rs77447718-G-A,-1
chr2,174763936,rs17306827-G-A,1
chr2,175475483,rs76468293-C-T,-1
chr2,176017223,rs78833270-G-A,-1
chr2,177134172,rs2305161-C-T,-1
chr2,179315938,rs112215702-G-A,-1
chr2,180112641,rs13389956-C-G,1
chr2,180989224,rs11684453-T-C,-1
chr2,181971800,rs6706397-T-G,-1
chr2,182030199,rs11894969-G-C,-1
chr2,182030205,rs11900496-T-A,-1
chr2,182030229,rs10189776-G-A,-1
chr2,183989637,rs12612008-C-T,-1
chr2,184360748,rs12465873-A-G,-1
chr2,189959204,rs72906337-G-A,-1
chr2,189959268,rs72906338-T-C,-1
chr2,190648859,rs5742927-G-A,-1
chr2,191399128,rs13412823-G-C,-1
chr2,196424502,rs114807614-C-T,-1
chr2,197114736,rs6707844-C-T,-1
chr2,198126737,rs2697286-G-A,-1
chr2,198144917,rs6760146-C-T,1
chr2,201316376,rs17630837-G-A,-1
chr2,201319720,rs35893078-G-A,-1
chr2,202845294,rs11891752-T-C,-1
chr2,206564789,rs79085484-C-T,-1
chr2,206565500,rs3771051-C-T,-1
chr2,208492143,rs2551941-A-T,1
chr2,208848622,rs72969822-C-G,-1
chr2,208929601,rs6746998-G-A,1
chr2,211036245,rs183475642-C-A,-1
chr2,213855999,rs7603237-A-C,-1
chr2,216319392,rs58583334-G-C,-1
chr2,216696316,rs10804244-G-A,1
chr2,217363638,rs28365968-G-A,-1
chr2,218654004,rs114892198-T-G,-1
chr2,220110255,rs3755052-C-G,-1
chr2,220406722,rs3731912-T-C,-1
chr2,220701591,rs60194883-T-A,1
chr2,222437152,rs7581842-A-C,-1
chr2,224809091,rs6736139-G-C,-1
chr2,224822043,rs3738960-C-G,-1
chr2,225222326,rs80018707-T-G,-1
chr2,225751103,rs2304335-C-T,-1
chr2,225867051,rs77777097-A-G,-1
chr2,231532310,rs77554929-C-T,-1
chr2,231750656,rs73096796-G-A,-1
chr2,231850138,rs7598873-G-A,-1
chr2,232044748,rs17586554-C-T,-1
chr2,232419666,rs10165533-A-C,-1
chr2,232526746,rs13388450-A-G,-1
chr2,232539782,rs4973016-G-A,-1
chr2,232571214,rs838441-A-G,-1
chr2,233230487,rs13404650-T-C,1
chr2,233973898,rs4078396-G-C,-1
chr2,233989582,rs72984297-C-T,-1
chr2,234149702,rs10929322-C-T,-1
chr2,237967894,rs73100575-G-A,-1
chr2,238380272,rs10929235-A-G,1
chr2,238877462,rs72981207-A-C,-1
chr2,239198564,rs58862346-C-T,-1
chr2,240213868,rs1467296-A-G,1
chr2,240901006,rs11902729-C-A,-1
chr2,241500508,rs10933615-T-C,-1
chr2,241929293,rs10210734-G-A,-1
chr2,242036769,rs10171090-G-A,-1
chr2,242330334,rs74000646-T-G,-1
chr20,1901059,rs6105929-T-C,-1
chr20,2368068,rs2422764-C-G,1
chr20,3199373,rs2422861-G-A,-1
chr20,3454927,rs6037607-A-G,-1
chr20,4093293,rs4815657-T-C,-1
chr20,4856363,rs11699324-G-C,1
chr20,4930738,rs79046951-C-T,1
chr20,8000386,rs2205783-A-G,-1
chr20,9423753,rs2299681-G-C,-1
chr20,10015729,rs12106132-C-A,-1
chr20,14697914,rs6074776-C-T,-1
chr20,16456812,rs6034489-G-A,-1
chr20,17629694,rs77093140-C-T,1
chr20,17877716,rs6045066-T-C,-1
chr20,17877722,rs6045067-A-G,-1
chr20,17919570,rs6111747-A-G,-1
chr20,18782848,rs59751631-C-T,-1
chr20,19052234,rs6081475-C-T,-1
chr20,19928690,rs13039938-C-T,-1
chr20,20033223,rs2273056-A-T,-1
chr20,20033380,rs3817995-A-G,-1
chr20,20469936,rs16981942-C-T,-1
chr20,23099017,rs4446126-C-T,1
chr20,25016631,rs73346966-A-C,-1
chr20,25024019,rs7262168-A-G,1
chr20,25033674,rs7270236-C-G,-1
chr20,25064525,rs55651034-A-C,1
chr20,25141399,rs6107007-G-C,-1
chr20,25201021,rs58412968-G-A,1
chr20,30954295,rs2295454-A-G,-1
chr20,31148176,rs62208017-G-C,1
chr20,31925870,rs17124599-G-A,-1
chr20,33341969,rs115894758-T-C,-1
chr20,34824335,rs8115765-T-G,-1
chr20,35233557,rs12329595-T-C,-1
chr20,36549514,rs6021884-G-A,-1
chr20,36755932,rs6127200-G-C,1
chr20,37274962,rs114860682-G-C,-1
chr20,37376808,rs2748661-G-A,-1
chr20,37419286,rs2077109-T-C,1
chr20,38075201,rs7264390-G-A,-1
chr20,38458475,rs2031489-G-A,-1
chr20,42296644,rs285205-A-C,1
chr20,42310811,rs419842-A-T,-1
chr20,42579148,rs4812773-T-C,1
chr20,43312360,rs6513945-C-G,1
chr20,44539492,rs441346-G-C,1
chr20,44599839,rs6017715-G-C,-1
chr20,44728306,rs116126861-C-A,-1
chr20,45142291,rs847053-C-G,-1
chr20,45221406,rs75350947-C-T,1
chr20,45903291,rs6018384-G-A,-1
chr20,47252514,rs6095221-C-T,1
chr20,48585958,rs73131258-C-T,1
chr20,48967103,rs6020468-G-A,-1
chr20,49432403,rs6067559-C-T,-1
chr20,50278297,rs2426358-C-T,1
chr20,50366971,rs2151119-C-T,-1
chr20,50767306,rs16996504-A-G,-1
chr20,51774165,rs16997637-A-G,-1
chr20,52196557,rs3790339-C-T,-1
chr20,55041174,rs3761209-C-T,-1
chr20,56884839,rs11559287-C-G,-1
chr20,56964097,rs2234482-A-G,-1
chr20,56983867,rs11698445-C-T,-1
chr20,57618141,rs116580814-G-T,-1
chr20,58358268,rs7272269-C-A,-1
chr20,60487824,rs1891570-C-G,-1
chr20,60556234,rs6142696-A-G,1
chr20,60717203,rs6089665-G-T,-1
chr20,61530582,rs6089810-G-A,1
chr20,61641848,rs6011530-G-A,1
chr20,61664881,rs8115880-C-T,-1
chr20,62174335,rs6011893-C-T,1
chr20,62184964,rs142767923-C-G,-1
chr20,62427689,rs115214404-G-C,-1
chr21,15459127,rs4816936-A-C,-1
chr21,30257652,rs61735766-A-G,-1
chr21,30257729,rs2859734-A-G,-1
chr21,30476586,rs8134407-G-A,1
chr21,32568124,rs7282793-G-A,-1
chr21,32573975,rs7276987-C-A,-1
chr21,34494552,rs78239636-C-G,-1
chr21,34588494,rs2834153-T-C,-1
chr21,34611708,rs9978157-A-G,-1
chr21,34801908,rs8128483-T-C,1
chr21,35014132,rs149181116-C-T,-1
chr21,35898941,rs78148269-C-G,-1
chr21,36060668,rs2236610-C-G,1
chr21,36900984,rs119241-C-T,-1
chr21,36901070,rs119240-C-G,-1
chr21,37508326,rs45458202-C-G,-1
chr21,37891455,rs73902562-T-A,-1
chr21,38362156,rs75679192-C-T,1
chr21,38905810,rs12481823-G-C,1
chr21,38935651,rs2835814-A-C,-1
chr21,39591205,rs73422129-T-C,-1
chr21,40555497,rs36113648-G-A,-1
chr21,42743151,rs61292225-G-A,-1
chr21,43394356,rs1395071-A-G,-1
chr21,43483441,rs114272312-C-G,-1
chr21,43483887,rs11700552-G-A,-1
chr21,43483964,rs220267-A-G,-1
chr21,43528072,rs9980065-G-A,1
chr21,43797022,rs13048440-A-G,1
chr21,43896490,rs61656534-C-T,-1
chr21,43977313,rs79267265-G-T,1
chr21,44013491,rs401074-A-G,1
chr21,44035309,rs73908241-G-A,-1
chr21,44506901,rs58855102-G-A,-1
chr21,44830707,rs548250-G-C,-1
chr21,45358806,rs28515690-C-T,-1
chr21,45596207,rs4819384-C-T,-1
chr21,45658826,rs116607973-G-A,-1
chr21,46340641,rs760452-T-C,-1
chr21,46789984,rs4819075-A-T,-1
chr21,46976111,rs3746988-C-T,1
chr21,47052296,rs2877078-T-G,1
chr21,47573338,rs113743763-G-C,1
chr21,47716389,rs2839203-C-A,1
chr21,47745160,rs61230637-G-T,-1
chr21,48055377,rs2839368-A-G,-1
chr22,17784977,rs9619047-G-A,1
chr22,18313018,rs8136428-G-A,-1
chr22,18483388,rs4819654-A-G,-1
chr22,19419851,rs2277837-A-C,-1
chr22,20978719,rs670380-T-C,-1
chr22,22936769,rs57874730-G-A,-1
chr22,23152650,rs11090186-A-G,1
chr22,24191785,rs113948635-A-G,-1
chr22,27054989,rs35778551-G-A,-1
chr22,29215542,rs763073-G-A,-1
chr22,29219122,rs6519764-C-A,-1
chr22,30652010,rs114138261-T-C,-1
chr22,30652049,rs73404568-C-A,-1
chr22,30788983,rs757573-C-G,-1
chr22,36635756,rs5756111-G-A,1
chr22,36866409,rs11913699-G-A,-1
chr22,37343000,rs2093380-C-A,1
chr22,37374285,rs12165519-C-G,-1
chr22,37535328,rs2281093-C-G,1
chr22,38005058,rs13053965-C-G,-1
chr22,38453135,rs11089858-G-A,1
chr22,39053049,rs2294296-T-C,-1
chr22,39601466,rs5757552-T-C,1
chr22,42565200,rs9623534-G-A,1
chr22,42817652,rs9623589-T-G,-1
chr22,42836337,rs1016110-A-C,1
chr22,42925131,rs2413698-A-G,1
chr22,43136583,rs8141918-G-A,1
chr22,45497905,rs7284581-T-C,1
chr22,45809624,rs2272804-C-A,1
chr22,46817424,rs74694279-G-A,-1
chr22,47397435,rs12168093-G-A,1
chr22,47455772,rs16996275-A-G,1
chr22,48314463,rs5768156-G-A,1
chr22,48888351,rs6008735-A-G,-1
chr22,50220797,rs141185859-G-A,-1
chr22,50311793,rs73443969-G-A,1
chr22,50743570,rs75446269-C-T,-1
chr22,50747105,rs114907499-G-T,-1
chr22,50785166,rs73439336-G-A,-1
chr22,51044746,rs73445583-C-G,1
chr3,320201,rs11929364-A-C,-1
chr3,401533,rs2060312-C-T,-1
chr3,4876205,rs78642194-G-A,-1
chr3,5241199,rs113564295-C-T,-1
chr3,7489276,rs6777966-A-G,-1
chr3,9438060,rs2600182-G-A,-1
chr3,10028460,rs73120354-C-A,-1
chr3,10215748,rs115810014-G-A,-1
chr3,10284160,rs3864022-G-A,-1
chr3,10328782,rs35682-G-A,1
chr3,10780742,rs1655662-T-A,-1
chr3,11667766,rs2574711-C-T,-1
chr3,12829036,rs9881832-C-T,1
chr3,13041138,rs13061279-G-A,1
chr3,13064167,rs360850-T-C,-1
chr3,13455768,rs74662041-G-A,-1
chr3,14495455,rs1529942-G-A,1
chr3,14967378,rs75381433-C-T,-1
chr3,15092073,rs62240397-A-G,-1
chr3,15358021,rs6789899-A-G,-1
chr3,15374399,rs73027568-A-G,-1
chr3,15677867,rs741748-G-A,-1
chr3,16424645,rs77156492-T-C,1
chr3,16556628,rs73146274-C-G,-1
chr3,17784422,rs75073563-C-T,-1
chr3,17943600,rs2337385-T-A,-1
chr3,18691264,rs6763445-C-T,-1
chr3,19908393,rs17574049-A-G,-1
chr3,20082969,rs2929408-C-A,-1
chr3,23245028,rs78847609-C-T,-1
chr3,31026503,rs9822543-G-A,-1
chr3,33103428,rs6550203-T-C,-1
chr3,33771609,rs115863544-G-A,-1
chr3,34112594,rs73055519-A-G,-1
chr3,38045036,rs6781889-T-A,1
chr3,39002669,rs79814974-C-G,1
chr3,39041668,rs77885871-C-T,-1
chr3,39142704,rs2293307-A-G,-1
chr3,39291291,rs12491692-A-G,-1
chr3,43732924,rs59993156-C-G,-1
chr3,44596896,rs6441857-T-C,-1
chr3,45706737,rs17078173-G-A,-1
chr3,45946576,rs61565453-C-A,-1
chr3,45957429,rs9840179-C-T,-1
chr3,46140074,rs9854654-T-C,-1
chr3,46773510,rs59637204-G-T,1
chr3,46887509,rs113268519-A-G,-1
chr3,47017915,rs936180-A-G,1
chr3,49507512,rs4855840-T-G,-1
chr3,49939503,rs3733134-C-T,-1
chr3,50388607,rs2233474-C-A,1
chr3,51706021,rs72953419-C-T,-1
chr3,52272028,rs7628461-A-C,-1
chr3,52720080,rs11554256-A-C,-1
chr3,53856050,rs6445606-C-T,-1
chr3,55759066,rs76908751-G-C,-1
chr3,58071644,rs4681784-C-A,1
chr3,58518710,rs13083957-G-A,-1
chr3,59247812,rs17060210-G-A,-1
chr3,61167697,rs28649296-T-C,-1
chr3,61406345,rs1540554-T-C,-1
chr3,62651759,rs116024307-G-A,-1
chr3,67098947,rs115912229-T-A,-1
chr3,72148540,rs72950600-C-T,1
chr3,72706999,rs62246986-T-G,-1
chr3,72893844,rs113110592-C-T,-1
chr3,98053033,rs4061832-T-C,1
chr3,99129712,rs2929434-A-C,-1
chr3,100120269,rs3806615-G-C,-1
chr3,100211325,rs12634371-A-G,-1
chr3,101293676,rs1078153-A-G,-1
chr3,103687805,rs75269228-A-G,-1
chr3,104240655,rs2943724-T-G,-1
chr3,108299140,rs76988830-T-G,-1
chr3,108742681,rs6806728-A-G,-1
chr3,112046466,rs11710561-G-A,-1
chr3,113666656,rs192819538-C-T,-1
chr3,113730108,rs324555-C-T,-1
chr3,114446447,rs2948670-A-T,-1
chr3,119078592,rs56665819-G-A,1
chr3,119182598,rs2282171-C-T,-1
chr3,119261375,rs7648642-A-C,-1
chr3,119278540,rs16829984-G-C,-1
chr3,119281590,rs885654-C-A,-1
chr3,119999621,rs787202-T-G,1
chr3,122134889,rs9289193-T-A,-1
chr3,122295235,rs6796228-T-C,-1
chr3,122380722,rs6438753-C-A,1
chr3,122694930,rs9968193-C-T,-1
chr3,122872153,rs16834024-G-A,-1
chr3,123603410,rs78755744-G-A,-1
chr3,123966096,rs16835230-A-G,-1
chr3,124487849,rs2291082-A-G,1
chr3,124642835,rs9859266-C-T,1
chr3,124653710,rs10934701-A-G,-1
chr3,124770970,rs2948829-G-A,-1
chr3,124835667,rs539533-C-T,-1
chr3,124855314,rs628562-G-C,-1
chr3,124859865,rs537749-A-G,-1
chr3,124933847,rs74864919-T-C,-1
chr3,125029761,rs6438893-C-A,-1
chr3,125230994,rs76352823-A-G,-1
chr3,127026382,rs6807187-A-G,-1
chr3,127453873,rs61407827-G-A,-1
chr3,128735345,rs77296720-G-A,-1
chr3,129830493,rs10934907-T-C,-1
chr3,132136440,rs112409831-C-T,-1
chr3,133187137,rs11928329-C-A,-1
chr3,133199480,rs55635040-T-C,-1
chr3,134204665,rs62621444-G-C,-1
chr3,136471914,rs67546863-C-G,-1
chr3,137690198,rs6801318-T-C,-1
chr3,137801779,rs1107422-A-G,1
chr3,141280448,rs77586571-C-T,-1
chr3,141458068,rs4538350-A-G,-1
chr3,141595564,rs150197806-C-G,-1
chr3,141759948,rs75465423-T-C,1
chr3,142442943,rs62278493-G-C,-1
chr3,146187284,rs57270112-G-A,-1
chr3,146262344,rs1061307-C-T,-1
chr3,149104946,rs9812711-G-C,-1
chr3,149104975,rs73867315-T-C,-1
chr3,149207028,rs13072639-A-G,-1
chr3,149531303,rs6800483-G-A,-1
chr3,149685138,rs13315088-G-A,-1
chr3,150104445,rs9881867-G-T,-1
chr3,150480984,rs140742852-T-A,-1
chr3,151901510,rs16863993-G-A,-1
chr3,152848610,rs6767837-T-G,-1
chr3,160472946,rs116837501-C-T,-1
chr3,167812736,rs2280524-T-G,-1
chr3,170924261,rs115032695-T-C,-1
chr3,170975267,rs10513693-G-A,-1
chr3,172208177,rs6445065-T-C,-1
chr3,176915717,rs182061379-G-T,-1
chr3,177315453,rs115537197-G-A,-1
chr3,178983794,rs9863614-T-C,-1
chr3,179692083,rs75717516-A-G,-1
chr3,180630191,rs34455584-A-G,-1
chr3,181650100,rs9814610-C-T,-1
chr3,183003824,rs11916792-G-C,-1
chr3,185304018,rs17523471-T-C,-1
chr3,185869440,rs11927308-T-C,1
chr3,186244204,rs116583136-G-A,-1
chr3,187456904,rs3821817-C-G,-1
chr3,187546914,rs73886595-C-T,-1
chr3,191173593,rs550120-C-A,-1
chr3,194592554,rs115237690-C-T,-1
chr3,194878063,rs750470-A-G,1
chr3,195270126,rs115974134-C-T,-1
chr3,195622041,rs6762607-G-A,1
chr3,195636800,rs56401727-C-G,-1
chr3,195842851,rs55954200-T-C,-1
chr3,195916604,rs12163558-G-A,1
chr3,195964367,rs115145363-C-G,-1
chr3,196255862,rs9854196-C-G,-1
chr3,196753355,rs4916598-T-C,-1
chr3,197185378,rs56104465-C-T,1
chr3,197237229,rs115115521-G-A,-1
chr3,197326114,rs73890772-A-G,-1
chr3,197479257,rs1606519-T-C,1
chr3,197525884,rs6805176-C-G,-1
chr4,467940,rs78633268-G-A,-1
chr4,699345,rs11939772-G-C,-1
chr4,967445,rs13137144-G-A,-1
chr4,1003788,rs4569707-G-C,-1
chr4,1731653,rs798764-C-T,1
chr4,2047364,rs73077334-G-C,1
chr4,2404041,rs10005641-C-T,-1
chr4,2451949,rs2239735-A-G,-1
chr4,2667572,rs1290932-G-A,1
chr4,2696510,rs231710-C-T,-1
chr4,2800256,rs28532194-G-A,-1
chr4,2849235,rs16843454-G-C,-1
chr4,2938651,rs2798287-C-A,-1
chr4,3304264,rs994425-C-T,-1
chr4,3445325,rs75857104-C-T,-1
chr4,4249974,rs2272745-C-A,-1
chr4,5755718,rs75743916-G-A,-1
chr4,6136567,rs73795741-C-G,-1
chr4,6200011,rs115219990-A-G,-1
chr4,6576793,rs141341887-C-G,1
chr4,6642331,rs3806818-G-A,-1
chr4,6660656,rs10016409-A-G,1
chr4,6676107,rs149041490-C-G,-1
chr4,6771000,rs16839286-C-T,-1
chr4,7763584,rs2269852-A-G,-1
chr4,7805994,rs56270003-C-T,-1
chr4,8178734,rs73800408-C-T,-1
chr4,8194659,rs7692549-G-A,-1
chr4,8204854,rs7677412-G-A,-1
chr4,10118747,rs147290373-C-T,-1
chr4,10675658,rs6828436-C-T,-1
chr4,13658362,rs7695715-C-T,-1
chr4,14751725,rs116677055-A-T,-1
chr4,15731690,rs7672311-G-A,-1
chr4,17810255,rs2286539-G-A,-1
chr4,17818885,rs2302212-T-C,-1
chr4,26063055,rs11932616-C-T,1
chr4,26460991,rs6826952-T-C,-1
chr4,37767509,rs17578275-A-T,-1
chr4,38805840,rs5743567-G-A,-1
chr4,39570595,rs16995404-T-A,1
chr4,40230204,rs6531765-A-G,1
chr4,40249089,rs17619666-C-T,-1
chr4,40266986,rs11097019-A-C,1
chr4,40302982,rs80228567-T-C,-1
chr4,40371612,rs10805157-C-T,1
chr4,40583627,rs34341038-T-G,-1
chr4,40631476,rs12498424-C-A,-1
chr4,40910828,rs114049223-G-C,-1
chr4,40994767,rs75381205-G-T,-1
chr4,41030927,rs62412146-C-G,-1
chr4,42490398,rs114857750-T-C,-1
chr4,42599118,rs73166503-A-T,-1
chr4,43134215,rs12503562-C-T,-1
chr4,57684305,rs781537-C-G,1
chr4,57826580,rs76456541-G-A,1
chr4,71767906,rs1871049-T-A,1
chr4,74542892,rs1247632-G-C,-1
chr4,75930428,rs73828405-A-G,-1
chr4,75994832,rs7683136-G-A,-1
chr4,76837335,rs77010919-A-G,-1
chr4,76862255,rs13126007-G-A,1
chr4,76912228,rs6838162-C-G,-1
chr4,77120915,rs78582124-C-G,-1
chr4,77872474,rs6532730-G-A,-1
chr4,77973625,rs4252921-C-T,1
chr4,77997471,rs4241603-A-G,-1
chr4,78161843,rs2865830-T-C,-1
chr4,78279726,rs7666881-G-A,-1
chr4,78880888,rs28417234-C-T,-1
chr4,83941387,rs1563645-A-G,-1
chr4,87964363,rs6839933-T-G,-1
chr4,99404542,rs73832322-A-G,-1
chr4,100484814,rs35992230-C-T,-1
chr4,102268940,rs2850328-T-C,-1
chr4,103423074,rs74429640-C-G,-1
chr4,103546896,rs12648696-T-C,-1
chr4,106394380,rs2074396-C-A,1
chr4,107237488,rs72878559-C-T,-1
chr4,109493946,rs67723961-G-A,-1
chr4,113739819,rs28527179-G-C,-1
chr4,119340937,rs3879781-G-T,-1
chr4,120988062,rs17009778-C-T,-1
chr4,120988095,rs73845514-C-G,-1
chr4,122744067,rs769240-A-C,-1
chr4,128983554,rs78743723-G-A,-1
chr4,129446749,rs72679524-C-A,-1
chr4,129584687,rs17013542-C-T,-1
chr4,140993122,rs2874372-T-C,-1
chr4,141478040,rs7685919-G-A,-1
chr4,146951316,rs17020909-T-C,-1
chr4,152606547,rs4696286-G-A,1
chr4,153001219,rs17361097-G-A,-1
chr4,153631099,rs12499895-T-G,-1
chr4,155040688,rs4696530-G-C,1
chr4,159963534,rs28455789-G-A,-1
chr4,164088144,rs111482818-T-C,-1
chr4,164465746,rs12508980-A-G,-1
chr4,171774816,rs2217563-G-T,-1
chr4,185235541,rs114690528-G-A,-1
chr4,185506607,rs116527612-C-T,-1
chr4,185818639,rs148824699-G-T,1
chr4,186959486,rs6818787-A-C,-1
chr5,375107,rs2671912-T-C,-1
chr5,392622,rs11738344-A-G,1
chr5,883024,rs73733950-C-T,-1
chr5,1110797,rs6864465-T-C,-1
chr5,1111657,rs6883753-G-A,-1
chr5,1113244,rs4580814-G-T,-1
chr5,1480630,rs246991-G-A,-1
chr5,1489089,rs1032751-T-C,1
chr5,1641826,rs6888170-C-T,1
chr5,1765331,rs66986057-C-T,1
chr5,5365290,rs34168963-T-C,1
chr5,6496573,rs7735274-A-G,-1
chr5,6633447,rs8192125-C-T,-1
chr5,6713140,rs34826769-G-A,1
chr5,6729695,rs877238-C-T,-1
chr5,6837873,rs275469-A-G,1
chr5,7795063,rs4702496-T-C,-1
chr5,7795185,rs4702497-A-G,-1
chr5,7877178,rs326124-A-G,-1
chr5,9126873,rs959981-G-C,1
chr5,10284270,rs6876709-C-G,-1
chr5,10564846,rs814576-C-T,-1
chr5,10608066,rs10070572-C-G,-1
chr5,10695380,rs3797115-C-T,-1
chr5,10760373,rs182073-G-A,-1
chr5,14174689,rs35594035-T-A,-1
chr5,14248207,rs1697170-G-T,1
chr5,14870691,rs10065666-G-C,1
chr5,16456478,rs16868622-A-G,-1
chr5,16561973,rs31287-C-T,1
chr5,16759657,rs16869108-C-G,-1
chr5,17258046,rs10076610-G-A,-1
chr5,31382723,rs74533196-A-C,-1
chr5,32489927,rs590462-A-G,-1
chr5,33934007,rs7729545-A-G,-1
chr5,33934102,rs74878114-C-T,-1
chr5,34452510,rs6451097-C-T,1
chr5,34452582,rs6451098-G-A,1
chr5,34534548,rs13358798-C-A,-1
chr5,37112077,rs57402531-T-C,-1
chr5,37249533,rs80164363-C-G,-1
chr5,37721865,rs1862577-G-A,-1
chr5,38193429,rs2115110-C-G,-1
chr5,38442116,rs16903972-A-T,-1
chr5,40437845,rs9292776-G-A,1
chr5,43121210,rs116778254-G-A,-1
chr5,43556594,rs10072263-C-T,-1
chr5,44809945,rs1866406-G-C,-1
chr5,49797579,rs7706105-T-C,-1
chr5,52082846,rs4865745-C-T,-1
chr5,55290446,rs10076283-C-G,-1
chr5,55448425,rs4700266-C-T,-1
chr5,56110992,rs13356762-G-T,-1
chr5,56205357,rs185220-A-G,1
chr5,59020526,rs56763295-G-T,1
chr5,59095470,rs7713809-A-G,-1
chr5,60240992,rs4647036-C-T,-1
chr5,65038564,rs2561225-G-A,-1
chr5,65070400,rs252635-C-G,-1
chr5,65122027,rs16894396-T-C,-1
chr5,65467261,rs115883339-G-C,-1
chr5,66136622,rs257700-C-T,-1
chr5,67066691,rs78846470-C-T,-1
chr5,67611835,rs10058850-A-G,-1
chr5,67639626,rs79368006-C-T,-1
chr5,71467670,rs3098378-T-C,-1
chr5,72921772,rs184519024-C-T,-1
chr5,72950536,rs4703608-A-G,-1
chr5,73208714,rs17732981-T-C,-1
chr5,73376158,rs17636317-T-C,-1
chr5,73981662,rs820879-G-A,-1
chr5,75303911,rs73765960-C-A,-1
chr5,77268633,rs355417-C-T,-1
chr5,78190321,rs78527676-C-A,-1
chr5,78276665,rs688286-G-A,-1
chr5,79154114,rs7727189-G-C,-1
chr5,79286568,rs76766140-C-T,-1
chr5,79398016,rs2438627-A-T,1
chr5,79704265,rs188573197-T-C,-1
chr5,80461512,rs79743002-C-T,-1
chr5,80505879,rs16878538-T-C,-1
chr5,83014156,rs79420449-G-C,-1
chr5,86309124,rs2640446-A-C,-1
chr5,90397729,rs6859589-A-G,-1
chr5,90680949,rs7705465-G-A,-1
chr5,94186047,rs114763582-T-C,-1
chr5,95144618,rs9784676-C-A,-1
chr5,95159822,rs3756705-G-T,-1
chr5,95170719,rs10059138-C-T,-1
chr5,95206218,rs114787748-G-A,-1
chr5,96039025,rs4434401-T-C,-1
chr5,96270860,rs3822687-A-G,-1
chr5,96519094,rs3806945-A-G,-1
chr5,98241718,rs325196-A-G,-1
chr5,98395559,rs11242579-C-T,-1
chr5,99959662,rs6885487-G-A,-1
chr5,100240001,rs3756355-A-G,-1
chr5,101014521,rs75824594-C-A,-1
chr5,102201590,rs249496-C-G,-1
chr5,106599519,rs34564-G-A,1
chr5,106907109,rs608333-A-G,-1
chr5,107339001,rs11956232-G-T,1
chr5,107717246,rs186842274-C-T,-1
chr5,108063410,rs6594333-G-A,-1
chr5,108063504,rs60521409-C-T,-1
chr5,108064681,rs1423458-C-T,-1
chr5,110075131,rs73230113-A-T,-1
chr5,110409067,rs2289277-C-G,-1
chr5,110848763,rs76000448-T-C,-1
chr5,111093783,rs78965386-G-C,-1
chr5,111827126,rs77069949-G-A,-1
chr5,115696118,rs1363153-A-G,-1
chr5,116099220,rs7705088-G-A,-1
chr5,118324298,rs55811049-A-C,-1
chr5,119079814,rs162600-T-C,-1
chr5,122784214,rs72791738-G-A,-1
chr5,122791402,rs79729068-A-G,-1
chr5,122848876,rs7734476-G-A,-1
chr5,123986010,rs10056807-G-C,-1
chr5,125937190,rs6882015-G-A,-1
chr5,126112580,rs35091677-T-C,-1
chr5,126565495,rs73785539-C-G,1
chr5,127203243,rs245179-G-A,-1
chr5,130621533,rs6872972-C-T,-1
chr5,131563501,rs113823725-C-G,-1
chr5,131755477,rs4451042-G-T,-1
chr5,131792402,rs2706383-G-A,1
chr5,132361894,rs3885730-G-A,-1
chr5,132579987,rs4958083-C-T,-1
chr5,132866975,rs823991-G-C,1
chr5,132867002,rs823992-A-G,1
chr5,133274892,rs10054507-A-G,-1
chr5,133512991,rs6881720-A-T,-1
chr5,133802422,rs6883426-C-T,-1
chr5,133882639,rs4958189-A-C,1
chr5,134880210,rs73298491-G-C,-1
chr5,135313218,rs76991392-C-T,-1
chr5,137937318,rs11242436-A-G,1
chr5,137990345,rs28507725-A-G,-1
chr5,139013041,rs356462-T-A,-1
chr5,139123340,rs165182-T-C,-1
chr5,139348608,rs6882558-C-T,-1
chr5,139418386,rs6892839-G-T,-1
chr5,139937146,rs2249213-G-A,-1
chr5,140739602,rs78319344-G-A,-1
chr5,140887429,rs17286954-G-T,-1
chr5,140888248,rs970069-C-T,-1
chr5,141029258,rs6881321-G-A,-1
chr5,141928426,rs10476840-G-A,-1
chr5,142415989,rs11956057-C-T,-1
chr5,142504397,rs55662035-G-A,-1
chr5,142592838,rs35940573-C-A,-1
chr5,143192203,rs115034682-C-T,-1
chr5,143204776,rs11167832-C-T,-1
chr5,143522007,rs73295279-C-T,-1
chr5,144436627,rs10515546-A-C,-1
chr5,146568584,rs76637827-G-T,-1
chr5,148721551,rs352350-C-G,-1
chr5,149016511,rs10065573-T-C,-1
chr5,149157113,rs1966484-C-T,-1
chr5,149211203,rs113874251-A-G,-1
chr5,149240642,rs10039760-C-T,-1
chr5,149829311,rs13170300-G-A,-1
chr5,149936840,rs116298351-G-T,-1
chr5,150163181,rs59053014-C-G,-1
chr5,150460768,rs4958437-T-C,-1
chr5,150466286,rs73799430-C-A,-1
chr5,150490082,rs116106243-G-A,-1
chr5,150524699,rs79062222-G-C,-1
chr5,150530153,rs57383339-G-A,-1
chr5,150618993,rs72794132-C-T,1
chr5,150695791,rs9324689-G-T,-1
chr5,151038769,rs35623747-C-T,-1
chr5,153455004,rs13155109-C-T,-1
chr5,153577099,rs55946756-A-G,1
chr5,153618712,rs74396372-C-G,1
chr5,156243136,rs17053938-T-C,-1
chr5,156642992,rs152115-T-C,1
chr5,156934387,rs868988-C-T,-1
chr5,157023577,rs58009313-A-G,-1
chr5,157625878,rs77765734-C-G,-1
chr5,159648289,rs12657454-G-A,1
chr5,159846249,rs73316380-G-A,1
chr5,168307047,rs2938772-G-A,-1
chr5,169098298,rs12656787-G-A,-1
chr5,169234075,rs7708788-G-A,1
chr5,169527540,rs72828660-C-T,-1
chr5,169817717,rs13358997-C-T,-1
chr5,170197252,rs6555914-T-C,1
chr5,171169395,rs116017621-T-C,-1
chr5,171412281,rs9313568-C-A,-1
chr5,171542021,rs1873422-C-T,-1
chr5,171605471,rs2130728-T-C,-1
chr5,171741952,rs7715171-A-C,-1
chr5,172324558,rs472959-G-A,1
chr5,172492449,rs427684-C-T,-1
chr5,173117029,rs11744312-T-G,-1
chr5,174898854,rs2960271-C-A,-1
chr5,175968614,rs2963294-A-G,-1
chr5,175970127,rs141848371-G-C,-1
chr5,176076241,rs116167787-C-T,-1
chr5,176430714,rs60215703-T-C,-1
chr5,176432899,rs7715595-C-T,1
chr5,176730775,rs6879874-A-T,-1
chr5,176857270,rs2731665-T-C,-1
chr5,177540517,rs11249792-C-G,-1
chr5,177543661,rs115419675-C-T,-1
chr5,177557760,rs115175414-G-A,-1
chr5,178099806,rs6889262-C-T,1
chr5,179159627,rs6879613-T-C,-1
chr5,179248774,rs502729-A-C,-1
chr5,179285489,rs139602768-C-A,-1
chr5,179297733,rs28325-A-C,1
chr5,180101436,rs13328188-A-G,1
chr5,180615509,rs73357352-A-C,-1
chr5,180650537,rs55879636-C-A,1
chr5,180668655,rs75046714-T-C,-1
chr6,221828,rs11963083-C-T,-1
chr6,471130,rs78369812-G-C,1
chr6,474923,rs116329761-T-C,-1
chr6,628936,rs17756826-G-C,-1
chr6,1770721,rs9392339-C-T,-1
chr6,1861449,rs77058374-C-T,-1
chr6,2232808,rs1196388-T-G,-1
chr6,2937347,rs11242810-G-A,1
chr6,3435114,rs4959833-T-A,1
chr6,3742857,rs9503725-A-G,-1
chr6,3746137,rs116278079-T-C,-1
chr6,3978257,rs2326366-A-C,1
chr6,4154143,rs13206876-A-G,1
chr6,4781855,rs60620332-A-G,-1
chr6,5136216,rs434352-G-C,1
chr6,5176049,rs6921237-T-C,1
chr6,6004249,rs79467423-C-T,-1
chr6,6712345,rs201039-A-C,1
chr6,6794370,rs73353758-A-G,-1
chr6,6800062,rs62392021-C-A,-1
chr6,6807053,rs17142588-C-A,-1
chr6,7390077,rs6597266-C-T,-1
chr6,7911011,rs187879976-G-C,-1
chr6,8059519,rs77230581-A-C,-1
chr6,10801565,rs499798-A-G,-1
chr6,10839384,rs60012028-A-G,-1
chr6,10965119,rs7753995-G-T,1
chr6,11094764,rs36067344-C-T,-1
chr6,11655970,rs7759725-C-T,-1
chr6,12049646,rs74617368-T-C,-1
chr6,13217624,rs76760032-A-G,-1
chr6,13278262,rs2119485-T-C,-1
chr6,13299959,rs629262-T-C,-1
chr6,13426567,rs9395768-G-C,-1
chr6,13471086,rs2033209-T-C,-1
chr6,13874151,rs7759532-C-G,1
chr6,14068526,rs13437403-C-T,1
chr6,14313561,rs115685208-G-A,-1
chr6,15148757,rs9370798-T-G,-1
chr6,16512343,rs2671402-C-A,-1
chr6,16965358,rs2328011-T-C,-1
chr6,17702188,rs114565079-A-C,-1
chr6,17703562,rs76865694-T-C,-1
chr6,18263423,rs11961525-A-C,-1
chr6,18264658,rs9383352-G-A,-1
chr6,20056828,rs564855-G-A,-1
chr6,20056863,rs2457353-C-T,-1
chr6,24521281,rs7760139-G-T,-1
chr6,24521308,rs80206591-G-A,-1
chr6,26189421,rs114555315-G-A,-1
chr6,26205604,rs2069019-C-T,-1
chr6,26234952,rs2050948-A-G,-1
chr6,26240624,rs3734533-A-G,-1
chr6,26285503,rs41266829-C-T,-1
chr6,26286149,rs34916901-G-T,-1
chr6,26402723,rs114004769-T-C,-1
chr6,26521520,rs6905163-T-C,-1
chr6,26537801,rs6920256-G-A,-1
chr6,27656090,rs9348772-G-T,-1
chr6,27798544,rs79168586-A-G,-1
chr6,27835272,rs200948-T-C,-1
chr6,28175636,rs1150697-C-G,-1
chr6,28411303,rs2531804-A-G,-1
chr6,31325049,rs138662000-G-A,-1
chr6,33557741,rs375555-T-C,-1
chr6,34760956,rs11755420-C-G,-1
chr6,35107774,rs34103100-A-T,-1
chr6,35339095,rs73745202-G-A,-1
chr6,35995527,rs611846-C-A,-1
chr6,36391236,rs80331350-T-C,-1
chr6,36618850,rs75243073-G-A,-1
chr6,36915954,rs1023037-G-A,1
chr6,37001267,rs831486-T-C,1
chr6,37647928,rs56967047-C-T,-1
chr6,38323470,rs4714149-A-G,-1
chr6,38607985,rs186768566-A-G,-1
chr6,39183567,rs11969423-G-C,-1
chr6,40555428,rs140563908-C-A,-1
chr6,42071966,rs60811587-A-G,-1
chr6,42185564,rs9471809-A-C,-1
chr6,42471834,rs60099775-C-T,1
chr6,43354431,rs1214761-A-G,1
chr6,43741200,rs76248721-C-T,-1
chr6,52217375,rs7754194-T-C,-1
chr6,53212315,rs28722818-A-T,-1
chr6,53291894,rs9474534-C-G,-1
chr6,54156765,rs62396368-T-C,-1
chr6,57086412,rs79714683-C-G,1
chr6,73332121,rs34821312-C-T,-1
chr6,73434485,rs112365486-A-G,-1
chr6,74036520,rs77915765-T-A,-1
chr6,87809402,rs981087-C-T,1
chr6,88032332,rs2296133-G-A,-1
chr6,88447179,rs58362651-C-T,-1
chr6,90078049,rs16881772-G-T,-1
chr6,96970253,rs79624430-G-A,-1
chr6,97345778,rs149192863-C-G,-1
chr6,99873837,rs76074928-T-A,-1
chr6,106982560,rs1111830-G-A,-1
chr6,107077502,rs2054365-G-A,-1
chr6,107435512,rs193185855-C-A,-1
chr6,108278659,rs11759897-A-G,-1
chr6,109415656,rs114142180-C-T,-1
chr6,109769216,rs4946975-A-C,-1
chr6,112031311,rs706879-C-T,-1
chr6,113627943,rs59901483-G-A,1
chr6,114179373,rs352090-T-G,-1
chr6,119040726,rs1619049-T-C,-1
chr6,121260215,rs2063878-G-T,-1
chr6,123031388,rs9490529-G-A,-1
chr6,126070727,rs186969804-G-A,-1
chr6,131949403,rs112145156-C-T,-1
chr6,133071969,rs6938188-G-A,-1
chr6,135260303,rs7754722-T-C,1
chr6,137416883,rs6923451-A-C,-1
chr6,137603442,rs4896251-A-G,-1
chr6,138121279,rs11961978-C-A,1
chr6,138750317,rs113591107-G-A,-1
chr6,138820724,rs56056246-T-A,-1
chr6,138910102,rs3861392-A-G,-1
chr6,139446155,rs1358717-A-G,-1
chr6,139648281,rs4479956-T-C,-1
chr6,141804925,rs9373311-G-A,-1
chr6,143382110,rs7774011-T-C,-1
chr6,143856016,rs4896664-G-A,-1
chr6,144409135,rs17073338-G-A,1
chr6,144474636,rs7761584-C-T,-1
chr6,144474646,rs7761440-A-G,-1
chr6,144537671,rs73778567-G-A,-1
chr6,146056476,rs2235482-G-C,-1
chr6,146864636,rs183080572-A-G,-1
chr6,148998792,rs9498111-G-T,-1
chr6,149082359,rs57260678-T-A,-1
chr6,149360241,rs7747463-T-C,-1
chr6,149461349,rs6934263-C-G,-1
chr6,149638396,rs475342-C-T,-1
chr6,149795950,rs60207346-C-T,-1
chr6,149810195,rs2341768-G-A,1
chr6,149969860,rs190331938-G-C,-1
chr6,150039361,rs2297932-C-G,-1
chr6,150812668,rs6908890-G-A,-1
chr6,150962698,rs275343-A-T,-1
chr6,151216448,rs58888264-C-T,-1
chr6,151773320,rs3736176-T-A,-1
chr6,158903181,rs1571962-A-G,-1
chr6,159069879,rs2165450-G-A,-1
chr6,159271023,rs73587553-G-A,-1
chr6,159674177,rs59483817-A-C,-1
chr6,160211441,rs16890798-T-C,-1
chr6,160211445,rs2273824-C-T,-1
chr6,160524578,rs755884-C-G,-1
chr6,161414031,rs6930167-T-A,-1
chr6,165341169,rs6455972-T-G,-1
chr6,166298470,rs12528035-T-A,-1
chr6,166756130,rs2294335-G-C,-1
chr6,166859725,rs2246553-G-A,-1
chr6,167370230,rs2247314-T-C,-1
chr6,167372978,rs2149092-C-T,-1
chr6,167506274,rs73039162-A-G,1
chr6,167632038,rs56077788-C-T,-1
chr6,167632072,rs12664443-T-C,-1
chr7,1087938,rs79978525-G-C,1
chr7,1200010,rs73263335-G-T,-1
chr7,1232149,rs10251190-T-A,1
chr7,1499339,rs4406316-T-G,-1
chr7,2059463,rs4719395-A-C,-1
chr7,2178181,rs73287659-G-A,-1
chr7,2347433,rs12111694-G-A,-1
chr7,2354034,rs146149554-G-C,-1
chr7,2387791,rs76003101-G-C,-1
chr7,2439896,rs10259587-A-T,-1
chr7,2558901,rs62444248-G-A,-1
chr7,2594955,rs2304542-G-A,1
chr7,2673066,rs10950803-C-A,-1
chr7,3157702,rs6955702-A-G,1
chr7,4244666,rs57656159-C-G,1
chr7,5553529,rs1123526-G-T,-1
chr7,5735353,rs28588522-G-A,-1
chr7,6051368,rs10951974-C-T,-1
chr7,6362791,rs78304177-T-G,-1
chr7,7026583,rs191213916-C-A,-1
chr7,7606560,rs184058405-G-C,-1
chr7,7859248,rs2194657-G-A,-1
chr7,8161201,rs7793383-T-C,1
chr7,8174078,rs2058522-G-A,-1
chr7,8230099,rs3807829-A-T,-1
chr7,16110987,rs73680580-A-G,-1
chr7,17545963,rs7803349-C-T,-1
chr7,21985262,rs76533925-T-C,-1
chr7,22186955,rs6461639-T-C,1
chr7,22474949,rs10250954-A-G,-1
chr7,22590051,rs55958309-A-G,1
chr7,23304672,rs113093941-T-C,-1
chr7,23719779,rs56359038-G-A,-1
chr7,24935884,rs114465883-C-T,-1
chr7,26375858,rs73283397-C-T,-1
chr7,27779806,rs114012205-C-T,-1
chr7,28745051,rs2391683-T-G,1
chr7,29131419,rs6947981-G-C,1
chr7,30780217,rs4723008-C-T,-1
chr7,31162337,rs79745436-C-G,1
chr7,31822167,rs12056173-G-A,-1
chr7,33102514,rs13228827-G-A,-1
chr7,33935076,rs10224734-T-C,-1
chr7,34360726,rs57164220-G-A,-1
chr7,35841279,rs142073149-G-C,-1
chr7,36326053,rs10951470-C-A,1
chr7,36718314,rs10951491-G-C,-1
chr7,37375951,rs77793695-T-C,-1
chr7,38393241,rs1882767-G-A,-1
chr7,39781995,rs62453003-T-G,1
chr7,40273884,rs113760084-C-T,-1
chr7,42951810,rs658884-G-A,-1
chr7,44122299,rs28382628-G-A,-1
chr7,44297617,rs80129495-A-G,-1
chr7,44673215,rs79271269-A-G,-1
chr7,47521855,rs2964954-T-C,-1
chr7,50517739,rs146688168-G-A,-1
chr7,55635320,rs10239004-G-A,-1
chr7,56032580,rs138538616-C-T,-1
chr7,64129345,rs73136779-C-G,-1
chr7,65305632,rs3813708-C-A,1
chr7,65958625,rs2277911-T-G,-1
chr7,73082011,rs112685312-G-A,-1
chr7,73157481,rs10278588-C-A,-1
chr7,73506880,rs810531-T-C,1
chr7,73589359,rs150881-T-C,-1
chr7,75226277,rs59799982-G-A,-1
chr7,75247329,rs1186222-C-T,1
chr7,75988640,rs7809918-A-C,-1
chr7,76899101,rs7803593-C-T,-1
chr7,77045705,rs192107530-C-T,-1
chr7,77057482,rs116255065-G-C,-1
chr7,78927741,rs12666243-C-T,-1
chr7,87563383,rs10235112-A-G,-1
chr7,90338311,rs13247454-A-G,-1
chr7,91764102,rs4278-C-T,-1
chr7,94021475,rs3763469-T-C,1
chr7,97252944,rs79272780-C-T,-1
chr7,97601571,rs3735259-G-A,-1
chr7,98062756,rs57029323-C-T,-1
chr7,99004459,rs10275381-G-T,-1
chr7,99004497,rs917152-T-C,-1
chr7,99728790,rs35991721-G-T,-1
chr7,100074020,rs66958101-G-A,-1
chr7,101933181,rs9692026-G-A,-1
chr7,102005086,rs10239657-G-A,-1
chr7,102107697,rs11761361-G-C,1
chr7,102789752,rs114427579-G-C,1
chr7,104624626,rs3823752-C-T,-1
chr7,105172505,rs818619-A-T,-1
chr7,105817304,rs115762137-G-A,-1
chr7,107384127,rs739518-G-A,-1
chr7,108237224,rs76144775-T-G,1
chr7,115957059,rs7779670-A-T,-1
chr7,117356106,rs73473611-T-C,-1
chr7,121784441,rs61298298-G-A,-1
chr7,128101609,rs11765023-G-A,1
chr7,128520291,rs7786074-A-T,1
chr7,128762096,rs724348-G-A,-1
chr7,129933481,rs10954267-C-A,1
chr7,130584684,rs125124-C-G,-1
chr7,131339554,rs62467949-T-C,-1
chr7,134001875,rs1646724-T-G,-1
chr7,134043175,rs2161001-A-G,-1
chr7,134331425,rs1469166-A-G,-1
chr7,134339079,rs4142279-G-C,-1
chr7,134618032,rs114442219-C-T,-1
chr7,135357687,rs114434586-A-G,-1
chr7,138200117,rs3757381-A-T,-1
chr7,139119446,rs6950466-G-A,-1
chr7,139168560,rs80317718-A-C,1
chr7,139762202,rs76192719-G-A,-1
chr7,139876917,rs111569430-T-C,-1
chr7,142447970,rs17215-G-C,-1
chr7,142700712,rs10256437-G-T,-1
chr7,144733869,rs114658741-T-A,-1
chr7,147986892,rs10249313-C-G,-1
chr7,148581588,rs6950683-T-C,-1
chr7,148906778,rs7793599-G-A,1
chr7,149194200,rs72611591-G-A,-1
chr7,150594821,rs73167603-T-C,-1
chr7,150941609,rs219230-C-T,-1
chr7,151466242,rs3934595-G-A,-1
chr7,154990747,rs76124889-C-T,-1
chr7,155091753,rs12111603-A-T,1
chr7,157132958,rs11773707-G-C,-1
chr7,157133354,rs79925917-T-C,-1
chr7,158287510,rs73729652-G-A,1
chr7,158656334,rs61557072-G-A,-1
chr8,6188944,rs13251188-C-G,-1
chr8,6698320,rs6605607-A-T,-1
chr8,8096349,rs111895055-C-T,-1
chr8,8241665,rs4840341-G-A,1
chr8,8426753,rs1986346-C-T,1
chr8,9226743,rs75936811-T-C,-1
chr8,11306615,rs2409773-T-C,1
chr8,11411351,rs2255108-C-T,-1
chr8,11623212,rs10101195-C-A,-1
chr8,11718528,rs1293288-T-C,1
chr8,12891548,rs28482880-G-A,-1
chr8,13512766,rs7826632-C-T,1
chr8,17014639,rs1858708-T-C,-1
chr8,17460245,rs2517177-A-G,-1
chr8,22091888,rs57413400-G-A,-1
chr8,22497319,rs113545915-T-G,1
chr8,22552689,rs7009708-G-C,-1
chr8,22833063,rs888341-C-T,-1
chr8,24923232,rs10107461-A-C,-1
chr8,25240437,rs11779690-A-G,-1
chr8,27348626,rs72473929-G-T,1
chr8,28027006,rs2061587-A-C,1
chr8,28043134,rs13275530-A-G,1
chr8,29523123,rs6558136-C-T,-1
chr8,29601874,rs76737331-G-A,-1
chr8,29938682,rs60114244-C-T,-1
chr8,30581778,rs11992338-C-T,-1
chr8,30601758,rs3174043-G-A,-1
chr8,37963002,rs75541171-A-G,-1
chr8,39821037,rs2543051-C-A,-1
chr8,41909830,rs28379498-C-G,-1
chr8,42249240,rs7016187-G-C,-1
chr8,42493961,rs73630434-C-G,-1
chr8,42995811,rs62517610-C-T,-1
chr8,53207030,rs9650307-C-G,-1
chr8,57426778,rs1877571-A-C,-1
chr8,59508580,rs11994937-C-T,-1
chr8,59571183,rs78734696-G-A,-1
chr8,59614432,rs16923690-C-T,-1
chr8,66546126,rs7835313-C-G,1
chr8,66556187,rs10504389-C-T,1
chr8,66791804,rs7833724-A-C,-1
chr8,66864138,rs56389721-A-G,-1
chr8,67036310,rs11993014-C-T,-1
chr8,70927807,rs410015-T-C,1
chr8,74086650,rs16938580-G-A,-1
chr8,79577726,rs3808619-A-C,1
chr8,81059555,rs62516123-C-A,-1
chr8,94712796,rs189067749-T-G,-1
chr8,95092183,rs77425678-G-A,-1
chr8,96130001,rs10504940-C-T,-1
chr8,96261049,rs79451126-C-T,-1
chr8,97158052,rs147989354-C-T,-1
chr8,98610808,rs1904271-T-G,-1
chr8,101554696,rs2469649-G-A,-1
chr8,102713296,rs7003410-T-C,-1
chr8,103548424,rs1347319-G-C,1
chr8,103597492,rs965660-A-G,-1
chr8,104137318,rs6990544-C-T,1
chr8,109345967,rs11991851-T-C,-1
chr8,110664778,rs16879862-G-A,-1
chr8,114450148,rs74812672-A-G,-1
chr8,118533066,rs10108031-C-A,1
chr8,123860051,rs16897541-C-T,1
chr8,124287149,rs114016579-C-G,1
chr8,124322718,rs73703802-T-A,-1
chr8,125702485,rs13260195-A-G,-1
chr8,125764361,rs6470269-A-G,1
chr8,131260164,rs2670888-T-C,-1
chr8,132828846,rs7006780-C-T,-1
chr8,132869580,rs78063945-G-A,-1
chr8,135278536,rs4500107-A-C,-1
chr8,136464810,rs59688381-T-A,-1
chr8,141523351,rs58156456-G-A,-1
chr8,141528884,rs115462181-C-T,-1
chr8,142105636,rs28427136-T-C,-1
chr8,142318391,rs117589324-C-T,-1
chr8,143449726,rs78608118-A-G,1
chr8,144597458,rs34924068-C-A,-1
chr9,214864,rs2236547-C-T,-1
chr9,279802,rs4741749-G-C,-1
chr9,281976,rs785850-T-C,-1
chr9,470321,rs115441829-G-A,-1
chr9,4559775,rs4742007-C-T,-1
chr9,4575120,rs10117931-G-A,1
chr9,4679078,rs3758245-C-G,-1
chr9,5768609,rs4348560-C-T,1
chr9,6566602,rs7039182-C-A,-1
chr9,14428992,rs4741375-C-G,-1
chr9,15531635,rs7035261-T-C,-1
chr9,15552399,rs10119257-C-T,-1
chr9,15552889,rs73410253-C-A,-1
chr9,16221752,rs56742123-G-A,-1
chr9,18366343,rs73430986-C-T,-1
chr9,19472001,rs10964158-T-A,1
chr9,21335404,rs7863385-A-C,-1
chr9,32526233,rs3739674-G-C,-1
chr9,35686954,rs1243874-A-T,1
chr9,36487142,rs79186878-G-C,-1
chr9,36572757,rs77063971-A-C,-1
chr9,36835488,rs2851698-A-G,1
chr9,37037018,rs112731827-C-A,-1
chr9,38008732,rs55773241-G-A,-1
chr9,74979966,rs2859766-G-A,-1
chr9,75207718,rs6560298-G-A,-1
chr9,79258814,rs116749952-T-G,-1
chr9,79425483,rs7863838-T-C,-1
chr9,85834743,rs12237222-G-T,1
chr9,87012172,rs114296918-T-C,-1
chr9,89951916,rs73652375-T-G,-1
chr9,90043880,rs7870463-A-G,-1
chr9,90278027,rs36215052-G-T,-1
chr9,92112615,rs181727859-T-C,-1
chr9,92171569,rs73653425-C-T,-1
chr9,92483577,rs9722693-G-A,1
chr9,93671663,rs1675314-G-A,-1
chr9,93974553,rs773507-G-T,1
chr9,95491850,rs10821010-A-G,1
chr9,95834985,rs7018579-A-G,1
chr9,96229440,rs10512224-G-T,1
chr9,97489444,rs10993329-A-G,1
chr9,97565317,rs356123-A-G,-1
chr9,98638242,rs141071823-T-C,-1
chr9,99429074,rs73544736-G-A,-1
chr9,101751698,rs147539014-T-C,-1
chr9,106856293,rs12344375-A-T,-1
chr9,112173781,rs947482-A-T,-1
chr9,112736927,rs17203239-A-C,-1
chr9,112891948,rs73655312-C-T,-1
chr9,114720538,rs10739329-A-G,-1
chr9,114821602,rs115347696-T-C,-1
chr9,115555684,rs2000204-C-T,-1
chr9,117134385,rs115853426-A-G,-1
chr9,117145370,rs59608349-G-A,1
chr9,117250108,rs7018914-T-C,-1
chr9,117250792,rs10982247-C-T,-1
chr9,119334622,rs58098887-C-T,-1
chr9,123834593,rs75767785-A-T,-1
chr9,123975655,rs116034629-T-C,-1
chr9,126098934,rs73567557-T-C,-1
chr9,126476963,rs7851425-A-G,-1
chr9,126803247,rs7042343-C-T,-1
chr9,126896189,rs2807591-A-G,1
chr9,127952210,rs459311-G-T,-1
chr9,129822520,rs11795097-G-A,-1
chr9,130470175,rs7849115-G-A,1
chr9,130533361,rs60419096-T-C,1
chr9,130541081,rs116231511-G-C,-1
chr9,130565047,rs10118903-C-T,-1
chr9,131174802,rs78991238-G-A,-1
chr9,131710406,rs74353084-C-A,1
chr9,131873256,rs3118625-A-C,-1
chr9,131998331,rs17487471-A-G,-1
chr9,132031138,rs7870137-G-C,1
chr9,132358965,rs55987545-A-G,-1
chr9,132805540,rs185134416-T-C,-1
chr9,133005532,rs10819621-C-T,-1
chr9,133769169,rs3847193-G-A,1
chr9,135145779,rs57468429-T-G,-1
chr9,135870130,rs621940-C-G,-1
chr9,135870171,rs7045578-G-C,-1
chr9,135991219,rs74734156-A-G,1
chr9,136811747,rs2519112-A-G,1
chr9,137028992,rs76323601-C-G,-1
chr9,137348352,rs12344802-C-T,-1
chr9,138992736,rs75045663-C-T,-1
chr9,139616471,rs61738631-G-A,-1
chr9,139622402,rs2105078-C-G,-1
chr9,139926537,rs113692887-G-A,-1
chr9,140138787,rs9697206-A-C,-1
chr9,140162633,rs77146380-C-T,-1
chr9,140348401,rs9410194-T-C,-1
chr9,140376668,rs10116708-A-G,1
chr9,140499646,rs4494021-T-C,1
chr9,140600081,rs111275201-G-A,-1
chr9,140711284,rs57568776-C-T,-1
